-- phpMyAdmin SQL Dump
-- version 4.9.7
-- https://www.phpmyadmin.net/
--
-- Host: localhost:3306
-- Generation Time: Nov 15, 2022 at 09:03 PM
-- Server version: 10.5.17-MariaDB-cll-lve
-- PHP Version: 7.4.30

SET SQL_MODE = "NO_AUTO_VALUE_ON_ZERO";
SET AUTOCOMMIT = 0;
START TRANSACTION;
SET time_zone = "+00:00";


/*!40101 SET @OLD_CHARACTER_SET_CLIENT=@@CHARACTER_SET_CLIENT */;
/*!40101 SET @OLD_CHARACTER_SET_RESULTS=@@CHARACTER_SET_RESULTS */;
/*!40101 SET @OLD_COLLATION_CONNECTION=@@COLLATION_CONNECTION */;
/*!40101 SET NAMES utf8mb4 */;

--
-- Database: `cendana`
--

-- --------------------------------------------------------

--
-- Table structure for table `master_scorings`
--

CREATE TABLE `master_scorings` (
  `id` bigint(20) UNSIGNED NOT NULL,
  `tbl_course_id` bigint(20) UNSIGNED NOT NULL,
  `number` tinyint(4) NOT NULL DEFAULT 1,
  `name` varchar(191) COLLATE utf8mb4_unicode_ci NOT NULL,
  `percent` double(8,2) NOT NULL,
  `description` varchar(255) COLLATE utf8mb4_unicode_ci NOT NULL,
  `created_at` timestamp NULL DEFAULT NULL,
  `updated_at` timestamp NULL DEFAULT NULL
) ENGINE=InnoDB DEFAULT CHARSET=utf8mb4 COLLATE=utf8mb4_unicode_ci;

--
-- Dumping data for table `master_scorings`
--

INSERT INTO `master_scorings` (`id`, `tbl_course_id`, `number`, `name`, `percent`, `description`, `created_at`, `updated_at`) VALUES
(1, 8, 1, 'UTS', 30.00, 'Ujian Tengah Semester', '2022-08-16 11:37:55', '2022-08-16 11:37:55'),
(2, 8, 2, 'Tugas 1', 12.00, 'Menggambar Kaligrafi', '2022-08-16 11:38:27', '2022-08-16 11:38:27'),
(3, 2, 1, 'uts 1', 30.00, 'dsgsg', '2022-09-08 03:59:10', '2022-09-08 03:59:10'),
(4, 2, 2, 'uts 1', 30.00, 'dsgsg', '2022-09-08 03:59:13', '2022-09-08 03:59:13'),
(6, 20, 1, 'Teks deskripsi', 10.00, 'siswa dapat membuat teks deskripsi', '2022-09-28 01:27:41', '2022-09-28 01:27:41'),
(7, 17, 1, 'futsal', 10.00, 'bisa futsal', '2022-09-29 21:55:55', '2022-09-29 21:55:55'),
(8, 17, 2, 'basket', 10.00, 'bisa basket', '2022-09-29 21:56:12', '2022-09-29 21:56:12'),
(9, 17, 3, 'voli', 10.00, 'bisa voli', '2022-09-29 21:56:27', '2022-09-29 21:56:27'),
(10, 17, 4, 'pts', 30.00, 'tengah semester', '2022-09-29 21:56:51', '2022-09-29 21:56:51'),
(11, 17, 5, 'uas', 40.00, 'ahir semester', '2022-09-29 21:57:05', '2022-09-29 21:57:05'),
(12, 17, 6, 'UTS', 40.00, 'UTS', '2022-10-08 09:41:49', '2022-10-08 09:41:49'),
(13, 23, 1, 'Seni Lukis', 10.00, 'Bisa menggambar', '2022-10-09 09:50:35', '2022-10-09 09:50:35'),
(14, 23, 2, 'Seni Tari', 20.00, 'Bisa menari tarian tradisional', '2022-10-09 09:51:03', '2022-10-09 09:51:03'),
(15, 27, 1, 'tes 1', 30.00, 'tes1', '2022-10-13 01:49:06', '2022-10-13 01:49:06'),
(16, 27, 2, 'tes2', 30.00, 'tes2', '2022-10-13 01:49:21', '2022-10-13 01:49:21'),
(17, 27, 3, 'uas 1', 40.00, 'uas1', '2022-10-13 01:49:44', '2022-10-13 01:49:44'),
(18, 33, 1, 'UTS 1', 30.00, 'Ujian tengah semester', '2022-11-15 04:26:32', '2022-11-15 04:26:32');

-- --------------------------------------------------------

--
-- Table structure for table `migrations`
--

CREATE TABLE `migrations` (
  `id` int(10) UNSIGNED NOT NULL,
  `migration` varchar(255) COLLATE utf8mb4_unicode_ci NOT NULL,
  `batch` int(11) NOT NULL
) ENGINE=InnoDB DEFAULT CHARSET=utf8mb4 COLLATE=utf8mb4_unicode_ci;

--
-- Dumping data for table `migrations`
--

INSERT INTO `migrations` (`id`, `migration`, `batch`) VALUES
(7, '2019_12_14_000001_create_personal_access_tokens_table', 1),
(8, '2022_06_08_135159_create_users_table', 1),
(9, '2022_06_08_135733_create_tbl_classes_table', 1),
(10, '2022_06_08_140957_create_tbl_courses_table', 1),
(11, '2022_06_08_141227_create_trans_courses_table', 1),
(12, '2022_06_08_141228_create_trans_presents_table', 1),
(13, '2022_06_19_175914_create_trans_schedules_table', 2),
(14, '2022_07_02_212731_create_master_grades_table', 3),
(15, '2022_08_09_073357_create_trans_scores_table', 4);

-- --------------------------------------------------------

--
-- Table structure for table `personal_access_tokens`
--

CREATE TABLE `personal_access_tokens` (
  `id` bigint(20) UNSIGNED NOT NULL,
  `tokenable_type` varchar(255) COLLATE utf8mb4_unicode_ci NOT NULL,
  `tokenable_id` bigint(20) UNSIGNED NOT NULL,
  `name` varchar(255) COLLATE utf8mb4_unicode_ci NOT NULL,
  `token` varchar(64) COLLATE utf8mb4_unicode_ci NOT NULL,
  `abilities` text COLLATE utf8mb4_unicode_ci DEFAULT NULL,
  `last_used_at` timestamp NULL DEFAULT NULL,
  `created_at` timestamp NULL DEFAULT NULL,
  `updated_at` timestamp NULL DEFAULT NULL
) ENGINE=InnoDB DEFAULT CHARSET=utf8mb4 COLLATE=utf8mb4_unicode_ci;

--
-- Dumping data for table `personal_access_tokens`
--

INSERT INTO `personal_access_tokens` (`id`, `tokenable_type`, `tokenable_id`, `name`, `token`, `abilities`, `last_used_at`, `created_at`, `updated_at`) VALUES
(1, 'App\\Models\\User', 1, 'auth_token', 'c4acef63319e9037e5d56d40d8aa45ec233f8dd171cf16c4d6c3ef90b7d51a88', '[\"*\"]', NULL, '2022-06-19 03:28:57', '2022-06-19 03:28:57'),
(2, 'App\\Models\\User', 1, 'auth_token', '646157ae3f630dc0c6caa7e819cd957fcfc7be564e697ce4cf4b78ac4f087938', '[\"*\"]', '2022-07-12 02:25:07', '2022-06-19 03:41:55', '2022-07-12 02:25:07'),
(3, 'App\\Models\\User', 1, 'auth_token', '832495af59fd359b481edcb6dd5a4c03ff05ecca2aa8081bd0b1bc8052c49656', '[\"*\"]', NULL, '2022-07-12 01:45:45', '2022-07-12 01:45:45'),
(4, 'App\\Models\\User', 19, 'auth_token', 'bd703ef369eb8c5a15497aed8a774168e2fa40f69f13997e68110e4975ff0db5', '[\"*\"]', '2022-07-14 15:07:57', '2022-07-14 03:50:29', '2022-07-14 15:07:57'),
(5, 'App\\Models\\User', 15, 'auth_token', '5683e1f914a5d5244ab12e9966c3da3489be8abc533ab2bcbfd9d0e97d4ac53a', '[\"*\"]', '2022-09-01 12:21:41', '2022-07-14 12:55:54', '2022-09-01 12:21:41'),
(6, 'App\\Models\\User', 15, 'auth_token', 'd0850a7b57126789d5f44dda868c3c0d9b5f927521b2f9d43fdedb58bda4a794', '[\"*\"]', NULL, '2022-07-14 13:27:37', '2022-07-14 13:27:37'),
(7, 'App\\Models\\User', 15, 'auth_token', '8c82078404f7d5112aae2983d16f3a6ffa0310660e59697866eb9c64cfc6b608', '[\"*\"]', '2022-09-03 14:09:28', '2022-07-14 13:28:23', '2022-09-03 14:09:28'),
(8, 'App\\Models\\User', 15, 'auth_token', '22e5aa8f3a30ffd16b01bbf4792e79861e1eb779592ad4edad525a591169b956', '[\"*\"]', NULL, '2022-07-14 13:32:03', '2022-07-14 13:32:03'),
(9, 'App\\Models\\User', 15, 'auth_token', '2de78ceaa3e8e64fb8df7f8b375a41fc663eae1df6c5cbcfab2250af78b4872c', '[\"*\"]', '2022-09-01 12:21:07', '2022-07-14 14:53:04', '2022-09-01 12:21:07'),
(10, 'App\\Models\\User', 15, 'auth_token', 'ebd96d4ba5192eb5901f1b518f0c5dcfe6fe7524f3a4026f7166be02edc1660a', '[\"*\"]', NULL, '2022-07-14 15:05:24', '2022-07-14 15:05:24'),
(11, 'App\\Models\\User', 15, 'auth_token', '1c66645a6b2a2d536f344f51e9682158ae59d4dc30ed1fdc450bcf2968fe59bc', '[\"*\"]', NULL, '2022-07-14 15:17:57', '2022-07-14 15:17:57'),
(12, 'App\\Models\\User', 15, 'auth_token', 'b01d03d7ebb9986a08de0c469de228b40133fffb0e1207543a46d7fcc8b0938d', '[\"*\"]', '2022-08-11 02:09:02', '2022-07-19 07:28:50', '2022-08-11 02:09:02'),
(13, 'App\\Models\\User', 15, 'auth_token', 'f16da841032434fa0e6b78eb6bf7523fbe39ef005f09da748b5fd612440cba81', '[\"*\"]', '2022-08-11 02:12:46', '2022-08-11 02:10:38', '2022-08-11 02:12:46'),
(14, 'App\\Models\\User', 15, 'auth_token', '08c0cafaa4b6490aa672541a41cc03f3314212d62026c5bec02874362788333e', '[\"*\"]', NULL, '2022-08-11 13:52:46', '2022-08-11 13:52:46'),
(15, 'App\\Models\\User', 15, 'auth_token', 'c6cee85460af254c13f6e8db373abde8ec083c7db573d9307fad3213622ba650', '[\"*\"]', '2022-08-11 13:55:30', '2022-08-11 13:54:14', '2022-08-11 13:55:30'),
(16, 'App\\Models\\User', 1, 'auth_token', '4352d274fbc0ff51d5e4c39f2d44ff601561ec5ac70c93ef054ec22aadd85a8b', '[\"*\"]', '2022-08-16 00:01:10', '2022-08-15 23:58:53', '2022-08-16 00:01:10'),
(17, 'App\\Models\\User', 15, 'auth_token', 'ee1f3ad2ba5c03519a5decc1e65a0d948595aec77e1b13296d30e7b0af96927e', '[\"*\"]', '2022-09-01 12:22:21', '2022-08-28 23:47:11', '2022-09-01 12:22:21'),
(18, 'App\\Models\\User', 1, 'auth_token', '190e55573ad6653285b2cd5db5d8582e686b3e0659cb02345eb720790b04ab71', '[\"*\"]', '2022-09-03 09:31:37', '2022-09-03 03:39:13', '2022-09-03 09:31:37'),
(19, 'App\\Models\\User', 17, 'auth_token', '1a8158fc2be98e0f9bbc460676a523c508e8122394a601aee19d3a18db2ce1ce', '[\"*\"]', '2022-09-04 10:11:35', '2022-09-03 06:00:58', '2022-09-04 10:11:35'),
(20, 'App\\Models\\User', 17, 'auth_token', '3922648bd78f26ff63ad7a598e01b343d94d2b9bb004579ed0d081a0c92b7913', '[\"*\"]', '2022-09-10 04:32:18', '2022-09-03 09:09:43', '2022-09-10 04:32:18'),
(21, 'App\\Models\\User', 15, 'auth_token', '77be5fdec9b7555282d82dc504a90d819c7b4e4a748fb739e474fb50f9102b83', '[\"*\"]', '2022-09-04 12:09:22', '2022-09-03 14:11:18', '2022-09-04 12:09:22'),
(22, 'App\\Models\\User', 1, 'auth_token', '6f78d94bf83c2d33c7266a25a241966dc0306b43bf1d74c94848185c53fcf240', '[\"*\"]', NULL, '2022-09-04 11:51:46', '2022-09-04 11:51:46'),
(23, 'App\\Models\\User', 17, 'auth_token', '76ddbc96575fc02a95f1b0e014f94a12e0cea1ec821c0a6f3df141a60ac72b13', '[\"*\"]', '2022-09-08 07:56:30', '2022-09-04 11:56:12', '2022-09-08 07:56:30'),
(24, 'App\\Models\\User', 17, 'auth_token', '46df547d01ea42a3a1c027d13e9458c74aafb7ef5dbbe690087149f79ebe2636', '[\"*\"]', '2022-09-05 13:48:16', '2022-09-04 12:18:46', '2022-09-05 13:48:16'),
(25, 'App\\Models\\User', 15, 'auth_token', 'fb6130d586547b4f96479de001eaab30380bff939d62f50e909a2877e84b43de', '[\"*\"]', '2022-09-08 07:54:03', '2022-09-05 13:48:45', '2022-09-08 07:54:03'),
(26, 'App\\Models\\User', 15, 'auth_token', 'fa1cab3913e901f31ea448eb41686ca808211539f608363af37a3a36095cfe02', '[\"*\"]', '2022-09-08 14:01:21', '2022-09-08 07:56:11', '2022-09-08 14:01:21'),
(27, 'App\\Models\\User', 15, 'auth_token', '2cd5175d887333852091d69b406205f61df03aa8e62f10b833689b1529ad38a2', '[\"*\"]', '2022-09-08 13:54:17', '2022-09-08 07:57:01', '2022-09-08 13:54:17'),
(28, 'App\\Models\\User', 1, 'auth_token', 'bddf5e244ae59176ed009d55e0f9d2253486535e609a9feee5357ffb4cbafd99', '[\"*\"]', '2022-09-08 13:56:40', '2022-09-08 13:56:20', '2022-09-08 13:56:40'),
(29, 'App\\Models\\User', 15, 'auth_token', 'cb75034187d19709e0124512e0ce8f853893fc7ea6c4d97de031eaf4fa1df831', '[\"*\"]', NULL, '2022-09-08 14:01:37', '2022-09-08 14:01:37'),
(30, 'App\\Models\\User', 15, 'auth_token', 'cbb9cc4a41ad1f920eb848e6a02507c138ca11a4d5097646f70ad6b60e4b0dcf', '[\"*\"]', '2022-09-08 14:02:23', '2022-09-08 14:02:16', '2022-09-08 14:02:23'),
(31, 'App\\Models\\User', 15, 'auth_token', 'f53e4bf3be94303e613ba1c14d1e73e3f8aa85d5549353479880e134fbf6c031', '[\"*\"]', '2022-09-09 13:57:47', '2022-09-08 14:03:36', '2022-09-09 13:57:47'),
(32, 'App\\Models\\User', 15, 'auth_token', 'd6e5a3b918c4fddaa46ecc8c36a7c7481585b904bcc8bb5234281f8fa256a524', '[\"*\"]', '2022-09-10 05:27:09', '2022-09-08 14:04:52', '2022-09-10 05:27:09'),
(33, 'App\\Models\\User', 15, 'auth_token', '3031c6a149b3c0a31c1885bbc1ad567f6b936b971178ab32a8b5878777fa20f7', '[\"*\"]', '2022-09-10 05:34:39', '2022-09-08 14:13:58', '2022-09-10 05:34:39'),
(34, 'App\\Models\\User', 10, 'auth_token', '5a06b79cd4b3fdfd0d93fbc2f2eadd80de619ed6c18dfc52ffb0aa01d9709c7d', '[\"*\"]', '2022-09-08 14:18:24', '2022-09-08 14:18:09', '2022-09-08 14:18:24'),
(35, 'App\\Models\\User', 15, 'auth_token', '7e2a9cb4cd38bcac0fb2fd4f69ae49eeb978e050ed4a868e1a14ee2a708c22c8', '[\"*\"]', '2022-09-09 13:59:37', '2022-09-09 13:59:29', '2022-09-09 13:59:37'),
(36, 'App\\Models\\User', 15, 'auth_token', 'af0fce1b6fb32202a03ceba2991db862cbcf06ef94cf6b3b6c3bbeebb6afb079', '[\"*\"]', '2022-09-10 05:07:51', '2022-09-09 13:59:51', '2022-09-10 05:07:51'),
(37, 'App\\Models\\User', 15, 'auth_token', '693e6c1afa422a43de6b07438c84f8357ff0cfdfdeb3672521fd3514970ee651', '[\"*\"]', '2022-09-10 05:13:18', '2022-09-10 05:10:31', '2022-09-10 05:13:18'),
(38, 'App\\Models\\User', 17, 'auth_token', 'dc0fca147a4c275c25e23a5b9c2b5358dbef3f4a5e15bf6ba670cb74ce381ef5', '[\"*\"]', '2022-09-10 05:32:17', '2022-09-10 05:15:31', '2022-09-10 05:32:17'),
(39, 'App\\Models\\User', 17, 'auth_token', '6783b86c672d319a1f9a3067f3e986fa23763a245aafa261241051c6e357d32f', '[\"*\"]', '2022-09-11 10:45:02', '2022-09-10 05:43:08', '2022-09-11 10:45:02'),
(40, 'App\\Models\\User', 15, 'auth_token', 'cee610373bc488f6b09d8c447c809715d6d1be977d96e774a7ae676402b06abe', '[\"*\"]', '2022-09-10 05:45:19', '2022-09-10 05:44:11', '2022-09-10 05:45:19'),
(41, 'App\\Models\\User', 15, 'auth_token', 'cc196c16b656ea67cf183d48b9e24c96160dfd4366a4ecc56648f07084f930d0', '[\"*\"]', '2022-09-11 10:54:40', '2022-09-10 06:05:06', '2022-09-11 10:54:40'),
(42, 'App\\Models\\User', 15, 'auth_token', '1508476a1c7ec31b0e6e93a1b01e193bf16db37c7712ad002c2b4b1d5b8bbf77', '[\"*\"]', '2022-09-10 08:09:05', '2022-09-10 08:08:55', '2022-09-10 08:09:05'),
(43, 'App\\Models\\User', 43, 'auth_token', 'b3e50a892a7773d54e9093621f8a6a9f288a0294e817c04f73017b9415de3752', '[\"*\"]', '2022-09-13 00:39:24', '2022-09-13 00:27:14', '2022-09-13 00:39:24'),
(44, 'App\\Models\\User', 41, 'auth_token', 'b75467f2f66dcfc8ba1ca6124a2c9a8a971243228f44534d225ef1e7db4f9ebd', '[\"*\"]', '2022-09-27 05:24:14', '2022-09-27 05:21:24', '2022-09-27 05:24:14'),
(45, 'App\\Models\\User', 43, 'auth_token', '5057e7249fcbca621a3ee9c0b9e4c994238dd55272120c2cfc648ac425ef00b3', '[\"*\"]', '2022-09-28 01:32:39', '2022-09-27 07:45:42', '2022-09-28 01:32:39'),
(46, 'App\\Models\\User', 34, 'auth_token', '172bb2bf121b3258d22306a33325ba18752103a99f21c37724d87977abd6c6fa', '[\"*\"]', NULL, '2022-09-27 21:11:34', '2022-09-27 21:11:34'),
(47, 'App\\Models\\User', 40, 'auth_token', 'ffd8bcdcab98225d9b26c4cae0ce1085c4dd3a9c21c3a655826ca1830da5c666', '[\"*\"]', '2022-10-08 10:08:07', '2022-09-29 01:33:55', '2022-10-08 10:08:07'),
(48, 'App\\Models\\User', 36, 'auth_token', '8951ca96d87e7b8acedce8e91dd2a8e973dd6ce28348dfd301b9af45df0eef04', '[\"*\"]', '2022-11-15 04:54:40', '2022-10-08 10:00:28', '2022-11-15 04:54:40'),
(49, 'App\\Models\\User', 40, 'auth_token', '46e488a85fd4b072bdcdc493400c5c6f88a36e840124a8372019d9c3008503a0', '[\"*\"]', '2022-11-15 13:20:16', '2022-11-15 12:40:47', '2022-11-15 13:20:16'),
(50, 'App\\Models\\User', 38, 'auth_token', 'b9163c55fabf0b1d3d8a8d2750dd8028b3bd260568b828bc7f6d53e97a1d232b', '[\"*\"]', '2022-11-15 12:54:22', '2022-11-15 12:52:53', '2022-11-15 12:54:22'),
(51, 'App\\Models\\User', 38, 'auth_token', 'e44b47149cf3d942b9c5b0126e28be211ac07d6adeea1d1c2e5ff3145a8b9e7a', '[\"*\"]', '2022-11-15 13:20:34', '2022-11-15 12:56:09', '2022-11-15 13:20:34'),
(52, 'App\\Models\\User', 38, 'auth_token', '1b6029c3c5336d6d3566a40e3aa337f4313640c3fe2caa12d3c151f7980701b4', '[\"*\"]', '2022-11-15 13:14:05', '2022-11-15 13:13:12', '2022-11-15 13:14:05'),
(53, 'App\\Models\\User', 40, 'auth_token', 'c883e20921010f1fad915cf5735d00cd6765154e17bd5370f3b86cba6c7d2ae0', '[\"*\"]', '2022-11-15 13:19:17', '2022-11-15 13:16:29', '2022-11-15 13:19:17');

-- --------------------------------------------------------

--
-- Table structure for table `tbl_classes`
--

CREATE TABLE `tbl_classes` (
  `id` bigint(20) UNSIGNED NOT NULL,
  `code` char(20) COLLATE utf8mb4_unicode_ci DEFAULT NULL,
  `name` varchar(255) COLLATE utf8mb4_unicode_ci NOT NULL,
  `semester` char(4) COLLATE utf8mb4_unicode_ci NOT NULL DEFAULT 'I',
  `teacher_guider_id` bigint(20) UNSIGNED DEFAULT NULL,
  `created_at` timestamp NULL DEFAULT NULL,
  `updated_at` timestamp NULL DEFAULT NULL,
  `deleted_at` timestamp NULL DEFAULT NULL
) ENGINE=InnoDB DEFAULT CHARSET=utf8mb4 COLLATE=utf8mb4_unicode_ci;

--
-- Dumping data for table `tbl_classes`
--

INSERT INTO `tbl_classes` (`id`, `code`, `name`, `semester`, `teacher_guider_id`, `created_at`, `updated_at`, `deleted_at`) VALUES
(1, '001', 'VII-A', 'I', 15, '2020-08-25 08:13:29', '2022-09-12 03:02:32', '2022-09-12 03:02:32'),
(2, '002', 'VII-B', 'I', 17, '2022-06-11 10:58:56', '2022-09-12 03:02:41', '2022-09-12 03:02:41'),
(3, '003', 'VII-C', 'I', 4, '2022-06-11 11:03:18', '2022-07-12 02:31:14', '2022-07-12 02:31:14'),
(4, '004', 'VIII-A', 'I', 21, '2022-07-02 13:59:14', '2022-09-12 03:02:46', '2022-09-12 03:02:46'),
(5, '005', 'VIII-B', 'I', 16, '2022-07-02 14:02:21', '2022-09-12 03:02:53', '2022-09-12 03:02:53'),
(6, '005', 'IX-A', 'I', 18, '2022-07-12 02:38:09', '2022-09-12 03:02:57', '2022-09-12 03:02:57'),
(7, '006', 'IX-B', 'I', 20, '2022-07-12 02:38:49', '2022-09-12 03:03:01', '2022-09-12 03:03:01'),
(8, '007', 'X-A', 'I', 18, '2022-07-12 12:35:28', '2022-09-12 03:03:04', '2022-09-12 03:03:04'),
(9, '008', 'X-B', 'I', 13, '2022-07-12 12:35:55', '2022-09-12 03:03:08', '2022-09-12 03:03:08'),
(10, '009', 'XI-A', 'I', 22, '2022-07-12 12:36:16', '2022-09-12 03:03:15', '2022-09-12 03:03:15'),
(11, '010', 'XI-B', 'I', 19, '2022-07-12 12:37:02', '2022-09-12 03:03:20', '2022-09-12 03:03:20'),
(12, '011', 'XII-A', 'I', 22, '2022-07-12 12:37:30', '2022-09-12 03:03:23', '2022-09-12 03:03:23'),
(13, '012', 'XII-B', 'I', 10, '2022-07-12 12:38:08', '2022-09-12 03:03:27', '2022-09-12 03:03:27'),
(14, 'A!23', 'XII-D', 'I', 20, '2022-07-14 03:31:16', '2022-07-14 03:32:05', '2022-07-14 03:32:05'),
(15, NULL, 'VII', 'I', 38, '2022-09-12 04:09:14', '2022-09-12 04:09:14', NULL),
(16, NULL, 'VIII A', 'I', 45, '2022-09-12 04:11:04', '2022-09-12 04:22:58', NULL),
(17, NULL, 'VIII B', 'I', 39, '2022-09-12 04:11:13', '2022-09-12 04:23:07', NULL),
(18, NULL, 'IX A', 'I', 49, '2022-09-12 04:11:25', '2022-09-12 04:27:25', NULL),
(19, NULL, 'IX B', 'I', 40, '2022-09-12 04:11:48', '2022-09-12 04:23:40', NULL),
(20, NULL, 'X', 'I', 48, '2022-09-12 04:11:56', '2022-09-12 04:23:55', NULL),
(21, NULL, 'XI', 'I', 44, '2022-09-12 04:12:03', '2022-09-12 04:26:04', NULL),
(22, NULL, 'XII', 'I', 46, '2022-09-12 04:12:11', '2022-09-12 04:26:15', NULL);

-- --------------------------------------------------------

--
-- Table structure for table `tbl_courses`
--

CREATE TABLE `tbl_courses` (
  `id` bigint(20) UNSIGNED NOT NULL,
  `name` varchar(255) COLLATE utf8mb4_unicode_ci NOT NULL,
  `teacher_id` bigint(20) UNSIGNED NOT NULL,
  `class_id` bigint(20) UNSIGNED NOT NULL,
  `schedule` char(10) COLLATE utf8mb4_unicode_ci NOT NULL DEFAULT 'senin',
  `start_time` time DEFAULT NULL,
  `end_time` time DEFAULT NULL,
  `created_at` timestamp NULL DEFAULT NULL,
  `updated_at` timestamp NULL DEFAULT NULL,
  `deleted_at` timestamp NULL DEFAULT NULL
) ENGINE=InnoDB DEFAULT CHARSET=utf8mb4 COLLATE=utf8mb4_unicode_ci;

--
-- Dumping data for table `tbl_courses`
--

INSERT INTO `tbl_courses` (`id`, `name`, `teacher_id`, `class_id`, `schedule`, `start_time`, `end_time`, `created_at`, `updated_at`, `deleted_at`) VALUES
(1, 'Fisika', 12, 1, '6', '10:10:00', '11:30:00', '2022-06-12 11:14:28', '2022-08-07 14:48:32', '2022-08-07 14:48:32'),
(2, 'Kimia', 17, 1, '2', '10:10:00', '00:11:30', '2022-06-12 13:25:31', '2022-09-28 06:51:35', '2022-09-28 06:51:35'),
(3, 'Bahasa Inggris', 19, 1, '1', NULL, NULL, '2022-07-02 14:07:24', '2022-09-28 06:51:50', '2022-09-28 06:51:50'),
(4, 'Bahasa Indonesia', 20, 1, 'senin', NULL, NULL, '2022-07-02 14:52:31', '2022-09-28 06:52:07', '2022-09-28 06:52:07'),
(5, 'Olahraga', 6, 1, 'senin', NULL, NULL, '2022-07-02 14:53:28', '2022-09-28 06:52:14', '2022-09-28 06:52:14'),
(7, 'Seni Budaya', 7, 1, 'senin', NULL, NULL, '2022-07-02 15:05:54', '2022-09-28 06:52:22', '2022-09-28 06:52:22'),
(8, 'Bahasa Arab 2', 1, 11, 'senin', NULL, NULL, '2022-07-13 17:31:59', '2022-09-28 06:52:28', '2022-09-28 06:52:28'),
(9, 'Termodinamika', 21, 12, 'senin', NULL, NULL, '2022-07-13 17:44:52', '2022-09-28 06:52:34', '2022-09-28 06:52:34'),
(10, 'Parah Nih', 17, 13, 'senin', NULL, NULL, '2022-07-13 17:54:07', '2022-07-13 17:54:43', '2022-07-13 17:54:43'),
(11, 'Mekanika Fluida', 17, 12, 'senin', NULL, NULL, '2022-07-14 03:37:38', '2022-09-28 06:52:39', '2022-09-28 06:52:39'),
(12, 'Bahasa Prancis', 16, 12, 'senin', NULL, NULL, '2022-07-14 04:02:14', '2022-09-26 01:55:55', '2022-09-26 01:55:55'),
(13, 'Otomasi Industri', 19, 11, 'senin', NULL, NULL, '2022-07-14 04:28:29', '2022-09-28 06:52:48', '2022-09-28 06:52:48'),
(14, 'Statika Struktur', 15, 12, 'senin', NULL, NULL, '2022-07-14 05:26:11', '2022-09-28 06:52:56', '2022-09-28 06:52:56'),
(15, 'Kalkulus', 17, 12, 'senin', NULL, NULL, '2022-07-15 14:36:38', '2022-09-28 06:53:07', '2022-09-28 06:53:07'),
(16, 'Fisika', 17, 1, 'senin', NULL, NULL, '2022-08-07 14:48:56', '2022-09-28 06:53:13', '2022-09-28 06:53:13'),
(17, 'Olahraga', 36, 15, 'senin', NULL, NULL, '2022-09-12 04:39:00', '2022-09-12 04:39:00', NULL),
(18, 'Olahraga', 36, 16, 'senin', NULL, NULL, '2022-09-12 04:39:25', '2022-09-12 04:39:25', NULL),
(19, 'Olahraga', 36, 16, 'senin', NULL, NULL, '2022-09-12 04:39:28', '2022-09-12 04:50:42', '2022-09-12 04:50:42'),
(20, 'Bahasa Indonesia', 41, 15, 'senin', NULL, NULL, '2022-09-12 04:40:12', '2022-09-12 04:40:12', NULL),
(21, 'Bahasa Indonesia', 41, 15, 'senin', NULL, NULL, '2022-09-12 04:40:14', '2022-09-12 04:40:19', '2022-09-12 04:40:19'),
(22, 'Prakarya', 42, 15, 'senin', NULL, NULL, '2022-09-12 04:40:39', '2022-09-12 04:40:39', NULL),
(23, 'Seni Budaya', 42, 15, 'senin', NULL, NULL, '2022-09-12 04:40:52', '2022-09-12 04:40:52', NULL),
(24, 'Bahasa Inggris', 45, 15, 'senin', NULL, NULL, '2022-09-12 04:42:09', '2022-09-12 04:42:09', NULL),
(25, 'Sejarah Kebudayaan Islam', 49, 15, 'senin', NULL, NULL, '2022-09-12 04:42:45', '2022-09-12 04:42:45', NULL),
(26, 'Matematika', 44, 15, 'senin', NULL, NULL, '2022-09-12 04:43:04', '2022-09-12 04:43:04', NULL),
(27, 'Bahasa Arab', 37, 15, 'senin', NULL, NULL, '2022-09-12 04:43:27', '2022-09-12 04:43:27', NULL),
(28, 'Al-Quran dan Hadits', 37, 15, 'senin', NULL, NULL, '2022-09-12 04:43:50', '2022-09-12 04:43:50', NULL),
(29, 'Akidah Akhlak', 43, 15, 'senin', NULL, NULL, '2022-09-12 04:44:08', '2022-09-12 04:44:08', NULL),
(30, 'Fiqih', 40, 15, 'senin', NULL, NULL, '2022-09-12 04:44:19', '2022-09-12 04:44:19', NULL),
(31, 'IPS', 39, 15, 'senin', NULL, NULL, '2022-09-12 04:44:32', '2022-09-12 04:44:32', NULL),
(32, 'PKN', 39, 15, 'senin', NULL, NULL, '2022-09-12 04:44:41', '2022-09-12 04:44:41', NULL),
(33, 'IPA', 38, 15, 'senin', NULL, NULL, '2022-09-12 04:44:51', '2022-09-12 04:44:51', NULL),
(34, 'Gramatika Arab', 47, 15, 'senin', NULL, NULL, '2022-09-12 04:45:16', '2022-09-12 04:45:16', NULL),
(35, 'Bahasa Inggris', 45, 16, 'senin', NULL, NULL, '2022-09-12 04:46:54', '2022-09-12 04:46:54', NULL),
(36, 'Sejarah Kebudayaan Islam', 49, 16, 'senin', NULL, NULL, '2022-09-12 04:47:11', '2022-09-12 04:47:11', NULL),
(37, 'Matematika', 44, 16, 'senin', NULL, NULL, '2022-09-12 04:47:40', '2022-09-12 04:47:40', NULL),
(38, 'Bahasa Arab', 37, 16, 'senin', NULL, NULL, '2022-09-12 04:47:57', '2022-09-12 04:47:57', NULL),
(39, 'Al-Quran dan Hadits', 37, 16, 'senin', NULL, NULL, '2022-09-12 04:49:02', '2022-09-12 04:49:02', NULL),
(40, 'Akidah Akhlak', 43, 16, 'senin', NULL, NULL, '2022-09-12 04:49:16', '2022-09-12 04:49:16', NULL),
(41, 'Fiqih', 40, 16, 'senin', NULL, NULL, '2022-09-12 04:49:38', '2022-09-12 04:49:38', NULL),
(42, 'IPS', 39, 16, 'senin', NULL, NULL, '2022-09-12 04:50:00', '2022-09-12 04:50:00', NULL),
(43, 'PKN', 39, 16, 'senin', NULL, NULL, '2022-09-12 04:50:13', '2022-09-12 04:50:13', NULL),
(44, 'IPA', 38, 16, 'senin', NULL, NULL, '2022-09-12 04:50:26', '2022-09-12 04:50:26', NULL),
(45, 'Bahasa Indonesia', 41, 16, 'senin', NULL, NULL, '2022-09-12 04:50:56', '2022-09-12 04:50:56', NULL),
(46, 'Gramatika Arab', 47, 16, 'senin', NULL, NULL, '2022-09-12 04:51:08', '2022-09-12 04:51:08', NULL),
(47, 'Seni Budaya', 42, 16, 'senin', NULL, NULL, '2022-09-12 04:51:36', '2022-09-12 04:51:36', NULL),
(48, 'Prakarya', 42, 16, 'senin', NULL, NULL, '2022-09-12 04:51:50', '2022-09-12 04:51:50', NULL),
(49, 'Bahasa Inggris', 45, 17, 'senin', NULL, NULL, '2022-09-12 04:52:54', '2022-09-12 04:52:54', NULL),
(50, 'Sejarah Kebudayaan Islam', 49, 17, 'senin', NULL, NULL, '2022-09-12 04:53:07', '2022-09-12 04:53:07', NULL),
(51, 'Matematika', 44, 17, 'senin', NULL, NULL, '2022-09-12 04:53:19', '2022-09-12 04:53:19', NULL),
(52, 'Bahasa Arab', 37, 17, 'senin', NULL, NULL, '2022-09-12 04:53:37', '2022-09-12 04:53:37', NULL),
(53, 'Al-Quran dan Hadits', 37, 17, 'senin', NULL, NULL, '2022-09-12 04:54:10', '2022-09-12 04:54:10', NULL),
(54, 'Akidah Akhlak', 43, 17, 'senin', NULL, NULL, '2022-09-12 04:54:32', '2022-09-12 04:54:32', NULL),
(55, 'Fiqih', 40, 17, 'senin', NULL, NULL, '2022-09-12 04:54:50', '2022-09-12 04:54:50', NULL),
(56, 'IPS', 39, 15, 'senin', NULL, NULL, '2022-09-12 04:55:05', '2022-09-29 01:38:36', '2022-09-29 01:38:36'),
(57, 'PKN', 39, 17, 'senin', NULL, NULL, '2022-09-12 04:55:19', '2022-09-12 04:55:19', NULL),
(58, 'IPS', 39, 17, 'senin', NULL, NULL, '2022-09-12 04:55:38', '2022-09-12 04:55:38', NULL),
(59, 'IPA', 38, 17, 'senin', NULL, NULL, '2022-09-12 04:55:53', '2022-09-12 04:55:53', NULL),
(60, 'Bahasa Indonesia', 41, 17, 'senin', NULL, NULL, '2022-09-12 04:56:08', '2022-09-12 04:56:08', NULL),
(61, 'Geografi', 46, 20, 'senin', NULL, NULL, '2022-09-12 04:56:19', '2022-09-29 01:42:55', NULL),
(62, 'Olahraga', 36, 17, 'senin', NULL, NULL, '2022-09-12 04:56:35', '2022-09-12 04:56:35', NULL),
(63, 'Seni Budaya', 42, 17, 'senin', NULL, NULL, '2022-09-12 04:56:45', '2022-09-12 04:56:45', NULL),
(64, 'Seni Budaya', 42, 17, 'senin', NULL, NULL, '2022-09-12 04:57:05', '2022-09-12 04:57:11', '2022-09-12 04:57:11'),
(65, 'Prakarya', 42, 17, 'senin', NULL, NULL, '2022-09-12 04:57:26', '2022-09-12 04:57:26', NULL),
(66, 'Bahasa Inggris', 45, 18, 'senin', NULL, NULL, '2022-09-12 04:58:00', '2022-09-12 04:58:00', NULL),
(67, 'Sejarah Kebudayaan Islam', 49, 18, 'senin', NULL, NULL, '2022-09-12 04:58:13', '2022-09-12 04:58:13', NULL),
(68, 'Matematika', 44, 18, 'senin', NULL, NULL, '2022-09-12 04:58:30', '2022-09-12 04:58:30', NULL),
(69, 'Bahasa Arab', 37, 18, 'senin', NULL, NULL, '2022-09-12 04:58:41', '2022-09-12 04:58:41', NULL),
(70, 'Al-Quran dan Hadits', 37, 18, 'senin', NULL, NULL, '2022-09-12 04:58:57', '2022-09-12 04:58:57', NULL),
(71, 'Akidah Akhlak', 43, 18, 'senin', NULL, NULL, '2022-09-12 04:59:10', '2022-09-12 04:59:10', NULL),
(72, 'Fiqih', 40, 18, 'senin', NULL, NULL, '2022-09-12 04:59:25', '2022-09-12 04:59:25', NULL),
(73, 'IPS', 39, 18, 'senin', NULL, NULL, '2022-09-12 04:59:35', '2022-09-12 04:59:35', NULL),
(74, 'PKN', 39, 18, 'senin', NULL, NULL, '2022-09-12 04:59:45', '2022-09-12 04:59:45', NULL),
(75, 'IPA', 38, 18, 'senin', NULL, NULL, '2022-09-12 04:59:58', '2022-09-12 04:59:58', NULL),
(76, 'Bahasa Indonesia', 41, 18, 'senin', NULL, NULL, '2022-09-12 05:00:13', '2022-09-12 05:00:13', NULL),
(77, 'Gramatika Arab', 47, 18, 'senin', NULL, NULL, '2022-09-12 05:01:00', '2022-09-12 05:01:00', NULL),
(78, 'Olahraga', 36, 18, 'senin', NULL, NULL, '2022-09-12 05:01:10', '2022-09-12 05:01:10', NULL),
(79, 'Seni Budaya', 42, 18, 'senin', NULL, NULL, '2022-09-12 05:01:26', '2022-09-12 05:01:26', NULL),
(80, 'Prakarya', 42, 18, 'senin', NULL, NULL, '2022-09-12 05:01:39', '2022-09-12 05:01:39', NULL),
(81, 'Bahasa Inggris', 45, 19, 'senin', NULL, NULL, '2022-09-12 05:02:19', '2022-09-12 05:02:19', NULL),
(82, 'Sejarah Kebudayaan Islam', 49, 19, 'senin', NULL, NULL, '2022-09-12 05:02:31', '2022-09-12 05:02:31', NULL),
(83, 'Matematika', 44, 19, 'senin', NULL, NULL, '2022-09-12 05:02:44', '2022-09-12 05:02:44', NULL),
(84, 'Bahasa Arab', 37, 19, 'senin', NULL, NULL, '2022-09-12 05:02:57', '2022-09-12 05:02:57', NULL),
(85, 'Al-Quran dan Hadits', 37, 19, 'senin', NULL, NULL, '2022-09-12 05:03:14', '2022-09-12 05:03:14', NULL),
(86, 'Akidah Akhlak', 43, 19, 'senin', NULL, NULL, '2022-09-12 05:03:31', '2022-09-12 05:03:31', NULL),
(87, 'Fiqih', 40, 19, 'senin', NULL, NULL, '2022-09-12 05:03:44', '2022-09-12 05:03:44', NULL),
(88, 'IPS', 39, 19, 'senin', NULL, NULL, '2022-09-12 05:03:56', '2022-09-12 05:03:56', NULL),
(89, 'PKN', 39, 19, 'senin', NULL, NULL, '2022-09-12 05:04:08', '2022-09-12 05:04:08', NULL),
(90, 'IPA', 38, 19, 'senin', NULL, NULL, '2022-09-12 05:04:20', '2022-09-12 05:04:20', NULL),
(91, 'Bahasa Indonesia', 41, 19, 'senin', NULL, NULL, '2022-09-12 05:04:32', '2022-09-12 05:04:32', NULL),
(92, 'Gramatika Arab', 47, 19, 'senin', NULL, NULL, '2022-09-12 05:04:53', '2022-09-12 05:05:02', NULL),
(93, 'Olahraga', 36, 19, 'senin', NULL, NULL, '2022-09-12 05:05:15', '2022-09-12 05:05:15', NULL),
(94, 'Seni Budaya', 42, 19, 'senin', NULL, NULL, '2022-09-12 05:05:27', '2022-09-12 05:05:27', NULL),
(95, 'Prakarya', 42, 19, 'senin', NULL, NULL, '2022-09-12 05:05:38', '2022-09-12 05:05:38', NULL),
(96, 'Al-Quran dan Hadits', 40, 20, 'senin', NULL, NULL, '2022-09-12 05:06:43', '2022-09-12 05:06:43', NULL),
(97, 'Al-Quran dan Hadits', 40, 20, 'senin', NULL, NULL, '2022-09-12 05:06:59', '2022-09-12 05:07:06', '2022-09-12 05:07:06'),
(98, 'Fiqih', 40, 20, 'senin', NULL, NULL, '2022-09-12 05:07:22', '2022-09-12 05:07:22', NULL),
(99, 'Al-Quran dan Hadits', 40, 21, 'senin', NULL, NULL, '2022-09-12 05:07:40', '2022-09-12 05:14:14', '2022-09-12 05:14:14'),
(100, 'Bahasa Arab', 37, 20, 'senin', NULL, NULL, '2022-09-12 05:08:14', '2022-09-12 05:08:14', NULL),
(101, 'PKN', 48, 20, 'senin', NULL, NULL, '2022-09-12 05:08:27', '2022-09-12 05:08:27', NULL),
(102, 'Kewirausahaan', 48, 20, 'senin', NULL, NULL, '2022-09-12 05:08:50', '2022-09-12 05:08:50', NULL),
(103, 'Sosiologi', 48, 20, 'senin', NULL, NULL, '2022-09-12 05:09:12', '2022-09-12 05:09:21', NULL),
(104, 'Ekonomi', 46, 20, 'senin', NULL, NULL, '2022-09-12 05:09:50', '2022-09-29 01:44:08', NULL),
(105, 'Geografi', 46, 21, 'senin', NULL, NULL, '2022-09-12 05:10:12', '2022-09-29 01:43:44', NULL),
(106, 'Sejarah Indonesia', 48, 20, 'senin', NULL, NULL, '2022-09-12 05:10:35', '2022-09-29 01:45:27', '2022-09-29 01:45:27'),
(107, 'Sejarah Kebudayaan Islam', 49, 20, 'senin', NULL, NULL, '2022-09-12 05:10:55', '2022-09-12 05:10:55', NULL),
(108, 'Bahasa Inggris', 45, 20, 'senin', NULL, NULL, '2022-09-12 05:11:11', '2022-09-12 05:11:11', NULL),
(109, 'Bahasa Indonesia', 41, 20, 'senin', NULL, NULL, '2022-09-12 05:11:28', '2022-09-12 05:11:28', NULL),
(110, 'Kajian Kitab', 47, 20, 'senin', NULL, NULL, '2022-09-12 05:11:49', '2022-09-12 05:11:49', NULL),
(111, 'Akidah Akhlak', 43, 20, 'senin', NULL, NULL, '2022-09-12 05:12:10', '2022-09-12 05:12:10', NULL),
(112, 'Sejarah', 42, 20, 'senin', NULL, NULL, '2022-09-12 05:12:30', '2022-09-29 01:40:07', '2022-09-29 01:40:07'),
(113, 'Olahraga', 37, 20, 'senin', NULL, NULL, '2022-09-12 05:12:42', '2022-09-29 01:37:49', '2022-09-29 01:37:49'),
(114, 'Matematika', 44, 20, 'senin', NULL, NULL, '2022-09-12 05:12:56', '2022-09-12 05:12:56', NULL),
(115, 'Informatika', 42, 20, 'senin', NULL, NULL, '2022-09-12 05:13:15', '2022-09-12 05:13:15', NULL),
(116, 'Seni Budaya', 42, 20, 'senin', NULL, NULL, '2022-09-12 05:13:29', '2022-09-12 05:13:29', NULL),
(117, 'Al-Quran dan Hadits', 40, 21, 'senin', NULL, NULL, '2022-09-12 05:13:59', '2022-09-12 05:13:59', NULL),
(118, 'Fiqih', 40, 21, 'senin', NULL, NULL, '2022-09-12 05:14:27', '2022-09-12 05:14:27', NULL),
(119, 'Bahasa Arab', 37, 21, 'senin', NULL, NULL, '2022-09-12 05:14:44', '2022-09-12 05:14:44', NULL),
(120, 'PKN', 48, 21, 'senin', NULL, NULL, '2022-09-12 05:15:09', '2022-09-12 05:15:09', NULL),
(121, 'Kewirausahaan', 48, 21, 'senin', NULL, NULL, '2022-09-12 05:15:25', '2022-09-12 05:15:25', NULL),
(122, 'Sosiologi', 48, 21, 'senin', NULL, NULL, '2022-09-12 05:15:36', '2022-09-12 05:15:36', NULL),
(123, 'Geografi', 45, 21, 'senin', NULL, NULL, '2022-09-12 05:15:58', '2022-09-29 01:42:15', '2022-09-29 01:42:15'),
(124, 'Ekonomi', 46, 21, 'senin', NULL, NULL, '2022-09-12 05:16:08', '2022-09-12 05:16:08', NULL),
(125, 'Sejarah Indonesia', 49, 21, 'senin', NULL, NULL, '2022-09-12 05:16:28', '2022-09-12 05:16:28', NULL),
(126, 'Sejarah Kebudayaan Islam', 49, 21, 'senin', NULL, NULL, '2022-09-12 05:16:42', '2022-09-12 05:16:42', NULL),
(127, 'Bahasa Inggris', 45, 21, 'senin', NULL, NULL, '2022-09-12 05:16:55', '2022-09-12 05:16:55', NULL),
(128, 'Bahasa Indonesia', 41, 21, 'senin', NULL, NULL, '2022-09-12 05:17:10', '2022-09-12 05:17:10', NULL),
(129, 'Kajian Kitab', 47, 21, 'senin', NULL, NULL, '2022-09-12 05:17:35', '2022-09-12 05:17:35', NULL),
(130, 'Akidah Akhlak', 43, 21, 'senin', NULL, NULL, '2022-09-12 05:17:48', '2022-09-12 05:17:48', NULL),
(131, 'Sejarah', 43, 21, 'senin', NULL, NULL, '2022-09-12 05:18:07', '2022-09-12 05:18:07', NULL),
(132, 'Olahraga', 36, 21, 'senin', NULL, NULL, '2022-09-12 05:18:21', '2022-09-29 01:36:11', '2022-09-29 01:36:11'),
(133, 'Matematika', 44, 21, 'senin', NULL, NULL, '2022-09-12 05:18:30', '2022-09-12 05:18:30', NULL),
(134, 'Informatika', 42, 21, 'senin', NULL, NULL, '2022-09-12 05:18:43', '2022-09-12 05:18:43', NULL),
(135, 'Seni Budaya', 42, 21, 'senin', NULL, NULL, '2022-09-12 05:18:54', '2022-09-12 05:18:54', NULL),
(136, 'Al-Quran dan Hadits', 40, 22, 'senin', NULL, NULL, '2022-09-12 05:19:13', '2022-09-12 05:19:13', NULL),
(137, 'Fiqih', 40, 22, 'senin', NULL, NULL, '2022-09-12 05:19:24', '2022-09-12 05:19:24', NULL),
(138, 'Bahasa Arab', 37, 22, 'senin', NULL, NULL, '2022-09-12 05:19:34', '2022-09-12 05:19:34', NULL),
(139, 'PKN', 48, 22, 'senin', NULL, NULL, '2022-09-12 05:19:56', '2022-09-12 05:19:56', NULL),
(140, 'Kewirausahaan', 48, 22, 'senin', NULL, NULL, '2022-09-12 05:20:17', '2022-09-12 05:20:17', NULL),
(141, 'Sosiologi', 48, 22, 'senin', NULL, NULL, '2022-09-12 05:20:30', '2022-09-12 05:20:30', NULL),
(142, 'Geografi', 46, 22, 'senin', NULL, NULL, '2022-09-12 05:20:44', '2022-09-12 05:20:44', NULL),
(143, 'Ekonomi', 46, 22, 'senin', NULL, NULL, '2022-09-12 05:20:59', '2022-09-12 05:20:59', NULL),
(144, 'Sejarah Indonesia', 49, 22, 'senin', NULL, NULL, '2022-09-12 05:21:12', '2022-09-12 05:21:12', NULL),
(145, 'Sejarah Kebudayaan Islam', 48, 22, 'senin', NULL, NULL, '2022-09-12 05:21:22', '2022-09-29 01:46:06', '2022-09-29 01:46:06'),
(146, 'Bahasa Inggris', 45, 22, 'senin', NULL, NULL, '2022-09-12 05:21:41', '2022-09-12 05:21:41', NULL),
(147, 'Bahasa Indonesia', 41, 22, 'senin', NULL, NULL, '2022-09-12 05:21:57', '2022-09-12 05:21:57', NULL),
(148, 'Kajian Kitab', 47, 22, 'senin', NULL, NULL, '2022-09-12 05:22:08', '2022-09-12 05:22:08', NULL),
(149, 'Akidah Akhlak', 43, 22, 'senin', NULL, NULL, '2022-09-12 05:22:21', '2022-09-12 05:22:21', NULL),
(150, 'Sejarah', 43, 22, 'senin', NULL, NULL, '2022-09-12 05:22:40', '2022-09-12 05:22:40', NULL),
(151, 'Olahraga', 36, 21, 'senin', NULL, NULL, '2022-09-12 05:22:51', '2022-09-12 05:22:51', NULL),
(152, 'Matematika', 44, 22, 'senin', NULL, NULL, '2022-09-12 05:23:01', '2022-09-12 05:23:01', NULL),
(153, 'Informatika', 42, 22, 'senin', NULL, NULL, '2022-09-12 05:23:14', '2022-09-12 05:23:14', NULL),
(154, 'Seni Budaya', 42, 22, 'senin', NULL, NULL, '2022-09-12 05:23:26', '2022-09-12 05:23:26', NULL),
(155, 'olahraga', 36, 20, 'senin', NULL, NULL, '2022-09-29 01:35:58', '2022-09-29 01:35:58', NULL),
(156, 'Sejarah', 43, 20, 'senin', NULL, NULL, '2022-09-29 01:41:28', '2022-09-29 01:41:28', NULL),
(157, 'Gramatika Arab', 47, 17, 'senin', NULL, NULL, '2022-09-29 01:44:47', '2022-09-29 01:44:47', NULL),
(158, 'Sejarah Kebudayaan Islam', 49, 22, 'senin', NULL, NULL, '2022-09-29 01:47:04', '2022-09-29 01:47:04', NULL),
(159, 'Sejarah Indonesia', 49, 20, 'senin', NULL, NULL, '2022-09-29 01:47:28', '2022-09-29 01:47:28', NULL);

-- --------------------------------------------------------

--
-- Table structure for table `trans_courses`
--

CREATE TABLE `trans_courses` (
  `id` bigint(20) UNSIGNED NOT NULL,
  `class_id` bigint(20) UNSIGNED NOT NULL,
  `course_id` bigint(20) UNSIGNED NOT NULL,
  `student_id` bigint(20) UNSIGNED NOT NULL,
  `mid_score` double(8,2) NOT NULL DEFAULT 0.00,
  `quiz_score` double(8,2) NOT NULL DEFAULT 0.00,
  `assesment_score` double(8,2) NOT NULL DEFAULT 0.00,
  `final_score` double(8,2) NOT NULL DEFAULT 0.00,
  `total_score` float NOT NULL DEFAULT 0,
  `created_at` timestamp NULL DEFAULT NULL,
  `updated_at` timestamp NULL DEFAULT NULL,
  `deleted_at` timestamp NULL DEFAULT NULL
) ENGINE=InnoDB DEFAULT CHARSET=utf8mb4 COLLATE=utf8mb4_unicode_ci;

--
-- Dumping data for table `trans_courses`
--

INSERT INTO `trans_courses` (`id`, `class_id`, `course_id`, `student_id`, `mid_score`, `quiz_score`, `assesment_score`, `final_score`, `total_score`, `created_at`, `updated_at`, `deleted_at`) VALUES
(1, 1, 1, 3, 92.00, 90.00, 80.00, 99.00, 94, '2020-06-18 06:03:33', '2022-07-02 03:59:26', NULL),
(3, 1, 2, 3, 0.00, 0.00, 80.00, 0.00, 0, '2022-06-12 13:25:42', '2022-06-12 13:25:55', NULL),
(4, 4, 2, 5, 0.00, 0.00, 80.00, 0.00, 0, '2022-06-12 13:25:42', '2022-07-02 14:13:09', NULL),
(6, 1, 7, 3, 0.00, 0.00, 0.00, 0.00, 0, '2022-07-02 15:05:54', '2022-07-02 15:05:54', NULL),
(8, 1, 7, 9, 0.00, 0.00, 0.00, 80.00, 0, '2022-07-02 15:05:54', '2022-07-02 15:14:01', NULL),
(9, 12, 11, 24, 0.00, 0.00, 0.00, 0.00, 0, '2022-07-14 03:37:38', '2022-07-14 03:37:38', NULL),
(10, 12, 12, 24, 0.00, 0.00, 0.00, 0.00, 0, '2022-07-14 04:02:14', '2022-07-14 04:02:14', NULL),
(11, 12, 12, 26, 0.00, 0.00, 0.00, 0.00, 0, '2022-07-14 04:02:14', '2022-07-14 04:02:14', NULL),
(12, 12, 12, 27, 0.00, 0.00, 0.00, 0.00, 0, '2022-07-14 04:02:14', '2022-07-14 04:02:14', NULL),
(13, 12, 14, 24, 0.00, 0.00, 0.00, 0.00, 0, '2022-07-14 05:26:11', '2022-07-14 05:26:11', NULL),
(14, 12, 14, 26, 0.00, 0.00, 0.00, 0.00, 0, '2022-07-14 05:26:11', '2022-07-14 05:26:11', NULL),
(15, 12, 14, 27, 87.00, 76.00, 96.00, 97.00, 92, '2022-07-14 05:26:11', '2022-08-07 23:47:15', NULL),
(16, 12, 15, 24, 0.00, 0.00, 0.00, 0.00, 0, '2022-07-15 14:36:38', '2022-07-15 14:36:38', NULL),
(17, 12, 15, 26, 0.00, 0.00, 0.00, 0.00, 0, '2022-07-15 14:36:38', '2022-07-15 14:36:38', NULL),
(18, 12, 15, 27, 0.00, 0.00, 0.00, 0.00, 0, '2022-07-15 14:36:38', '2022-07-15 14:36:38', NULL),
(19, 12, 15, 29, 0.00, 0.00, 0.00, 0.00, 0, '2022-07-15 14:36:38', '2022-07-15 14:36:38', NULL),
(20, 1, 2, 9, 0.00, 0.00, 0.00, 0.00, 0, '2022-08-02 23:32:45', '2022-08-02 23:32:45', NULL),
(21, 1, 1, 9, 0.00, 0.00, 0.00, 0.00, 0, '2022-08-05 08:41:53', '2022-08-05 08:41:53', NULL),
(22, 1, 1, 30, 0.00, 0.00, 0.00, 0.00, 0, '2022-08-05 08:43:30', '2022-08-05 08:43:30', NULL),
(23, 1, 3, 3, 0.00, 0.00, 0.00, 0.00, 0, '2022-08-07 14:46:06', '2022-08-07 14:46:06', NULL),
(24, 1, 3, 9, 0.00, 0.00, 0.00, 0.00, 0, '2022-08-07 14:46:06', '2022-08-07 14:46:06', NULL),
(25, 1, 3, 32, 0.00, 0.00, 0.00, 0.00, 0, '2022-08-07 14:46:07', '2022-08-07 14:46:07', NULL),
(26, 1, 16, 3, 0.00, 0.00, 0.00, 0.00, 0, '2022-08-07 14:48:57', '2022-08-07 14:48:57', NULL),
(27, 1, 16, 9, 0.00, 0.00, 0.00, 0.00, 0, '2022-08-07 14:48:58', '2022-08-07 14:48:58', NULL),
(28, 1, 16, 32, 0.00, 0.00, 0.00, 0.00, 0, '2022-08-07 14:48:58', '2022-08-07 14:48:58', NULL),
(29, 1, 2, 32, 0.00, 0.00, 0.00, 0.00, 0, '2022-08-07 14:50:57', '2022-08-07 14:50:57', NULL),
(30, 12, 14, 29, 0.00, 0.00, 0.00, 0.00, 0, '2022-08-07 23:36:22', '2022-08-07 23:36:22', NULL),
(31, 12, 11, 26, 0.00, 0.00, 0.00, 0.00, 0, '2022-09-08 01:55:05', '2022-09-08 01:55:05', NULL),
(32, 12, 11, 27, 0.00, 0.00, 0.00, 0.00, 0, '2022-09-08 01:55:05', '2022-09-08 01:55:05', NULL),
(33, 12, 11, 29, 0.00, 0.00, 0.00, 0.00, 0, '2022-09-08 01:55:06', '2022-09-08 01:55:06', NULL),
(34, 15, 17, 50, 0.00, 0.00, 0.00, 0.00, 0, '2022-09-12 04:39:00', '2022-09-12 04:39:00', NULL),
(35, 16, 18, 51, 0.00, 0.00, 0.00, 0.00, 0, '2022-09-12 04:39:25', '2022-09-12 04:39:25', NULL),
(36, 16, 19, 51, 0.00, 0.00, 0.00, 0.00, 0, '2022-09-12 04:39:28', '2022-09-12 04:39:28', NULL),
(37, 15, 20, 50, 0.00, 0.00, 0.00, 0.00, 0, '2022-09-12 04:40:12', '2022-09-12 04:40:12', NULL),
(38, 15, 21, 50, 0.00, 0.00, 0.00, 0.00, 0, '2022-09-12 04:40:14', '2022-09-12 04:40:14', NULL),
(39, 15, 22, 50, 0.00, 0.00, 0.00, 0.00, 0, '2022-09-12 04:40:39', '2022-09-12 04:40:39', NULL),
(40, 15, 23, 50, 0.00, 0.00, 0.00, 0.00, 0, '2022-09-12 04:40:52', '2022-09-12 04:40:52', NULL),
(41, 15, 24, 50, 0.00, 0.00, 0.00, 0.00, 0, '2022-09-12 04:42:09', '2022-09-12 04:42:09', NULL),
(42, 15, 25, 50, 0.00, 0.00, 0.00, 0.00, 0, '2022-09-12 04:42:45', '2022-09-12 04:42:45', NULL),
(43, 15, 26, 50, 0.00, 0.00, 0.00, 0.00, 0, '2022-09-12 04:43:04', '2022-09-12 04:43:04', NULL),
(44, 15, 27, 50, 0.00, 0.00, 0.00, 0.00, 0, '2022-09-12 04:43:27', '2022-09-12 04:43:27', NULL),
(45, 15, 28, 50, 0.00, 0.00, 0.00, 0.00, 0, '2022-09-12 04:43:50', '2022-09-12 04:43:50', NULL),
(46, 15, 29, 50, 0.00, 0.00, 0.00, 0.00, 0, '2022-09-12 04:44:08', '2022-09-12 04:44:08', NULL),
(47, 15, 30, 50, 0.00, 0.00, 0.00, 0.00, 0, '2022-09-12 04:44:19', '2022-09-12 04:44:19', NULL),
(48, 15, 31, 50, 0.00, 0.00, 0.00, 0.00, 0, '2022-09-12 04:44:32', '2022-09-12 04:44:32', NULL),
(49, 15, 32, 50, 0.00, 0.00, 0.00, 0.00, 0, '2022-09-12 04:44:41', '2022-09-12 04:44:41', NULL),
(50, 15, 33, 50, 0.00, 0.00, 0.00, 0.00, 0, '2022-09-12 04:44:51', '2022-09-12 04:44:51', NULL),
(51, 15, 34, 50, 0.00, 0.00, 0.00, 0.00, 0, '2022-09-12 04:45:16', '2022-09-12 04:45:16', NULL),
(52, 16, 35, 51, 0.00, 0.00, 0.00, 0.00, 0, '2022-09-12 04:46:54', '2022-09-12 04:46:54', NULL),
(53, 16, 36, 51, 0.00, 0.00, 0.00, 0.00, 0, '2022-09-12 04:47:11', '2022-09-12 04:47:11', NULL),
(54, 16, 37, 51, 0.00, 0.00, 0.00, 0.00, 0, '2022-09-12 04:47:40', '2022-09-12 04:47:40', NULL),
(55, 16, 38, 51, 0.00, 0.00, 0.00, 0.00, 0, '2022-09-12 04:47:57', '2022-09-12 04:47:57', NULL),
(56, 16, 39, 51, 0.00, 0.00, 0.00, 0.00, 0, '2022-09-12 04:49:02', '2022-09-12 04:49:02', NULL),
(57, 16, 40, 51, 0.00, 0.00, 0.00, 0.00, 0, '2022-09-12 04:49:16', '2022-09-12 04:49:16', NULL),
(58, 16, 41, 51, 0.00, 0.00, 0.00, 0.00, 0, '2022-09-12 04:49:38', '2022-09-12 04:49:38', NULL),
(59, 16, 42, 51, 0.00, 0.00, 0.00, 0.00, 0, '2022-09-12 04:50:00', '2022-09-12 04:50:00', NULL),
(60, 16, 43, 51, 0.00, 0.00, 0.00, 0.00, 0, '2022-09-12 04:50:13', '2022-09-12 04:50:13', NULL),
(61, 16, 44, 51, 0.00, 0.00, 0.00, 0.00, 0, '2022-09-12 04:50:26', '2022-09-12 04:50:26', NULL),
(62, 16, 45, 51, 0.00, 0.00, 0.00, 0.00, 0, '2022-09-12 04:50:56', '2022-09-12 04:50:56', NULL),
(63, 16, 46, 51, 0.00, 0.00, 0.00, 0.00, 0, '2022-09-12 04:51:08', '2022-09-12 04:51:08', NULL),
(64, 16, 47, 51, 0.00, 0.00, 0.00, 0.00, 0, '2022-09-12 04:51:36', '2022-09-12 04:51:36', NULL),
(65, 16, 48, 51, 0.00, 0.00, 0.00, 0.00, 0, '2022-09-12 04:51:50', '2022-09-12 04:51:50', NULL),
(66, 17, 49, 52, 0.00, 0.00, 0.00, 0.00, 0, '2022-09-12 04:52:54', '2022-09-12 04:52:54', NULL),
(67, 17, 50, 52, 0.00, 0.00, 0.00, 0.00, 0, '2022-09-12 04:53:07', '2022-09-12 04:53:07', NULL),
(68, 17, 51, 52, 0.00, 0.00, 0.00, 0.00, 0, '2022-09-12 04:53:19', '2022-09-12 04:53:19', NULL),
(69, 17, 52, 52, 0.00, 0.00, 0.00, 0.00, 0, '2022-09-12 04:53:37', '2022-09-12 04:53:37', NULL),
(70, 17, 53, 52, 0.00, 0.00, 0.00, 0.00, 0, '2022-09-12 04:54:10', '2022-09-12 04:54:10', NULL),
(71, 17, 54, 52, 0.00, 0.00, 0.00, 0.00, 0, '2022-09-12 04:54:32', '2022-09-12 04:54:32', NULL),
(72, 17, 55, 52, 0.00, 0.00, 0.00, 0.00, 0, '2022-09-12 04:54:50', '2022-09-12 04:54:50', NULL),
(73, 15, 56, 50, 0.00, 0.00, 0.00, 0.00, 0, '2022-09-12 04:55:05', '2022-09-12 04:55:05', NULL),
(74, 17, 57, 52, 0.00, 0.00, 0.00, 0.00, 0, '2022-09-12 04:55:19', '2022-09-12 04:55:19', NULL),
(75, 17, 58, 52, 0.00, 0.00, 0.00, 0.00, 0, '2022-09-12 04:55:38', '2022-09-12 04:55:38', NULL),
(76, 17, 59, 52, 0.00, 0.00, 0.00, 0.00, 0, '2022-09-12 04:55:53', '2022-09-12 04:55:53', NULL),
(77, 17, 60, 52, 0.00, 0.00, 0.00, 0.00, 0, '2022-09-12 04:56:08', '2022-09-12 04:56:08', NULL),
(78, 17, 61, 52, 0.00, 0.00, 0.00, 0.00, 0, '2022-09-12 04:56:19', '2022-09-12 04:56:19', NULL),
(79, 17, 62, 52, 0.00, 0.00, 0.00, 0.00, 0, '2022-09-12 04:56:35', '2022-09-12 04:56:35', NULL),
(80, 17, 63, 52, 0.00, 0.00, 0.00, 0.00, 0, '2022-09-12 04:56:45', '2022-09-12 04:56:45', NULL),
(81, 17, 64, 52, 0.00, 0.00, 0.00, 0.00, 0, '2022-09-12 04:57:05', '2022-09-12 04:57:05', NULL),
(82, 17, 65, 52, 0.00, 0.00, 0.00, 0.00, 0, '2022-09-12 04:57:26', '2022-09-12 04:57:26', NULL),
(83, 18, 66, 53, 0.00, 0.00, 0.00, 0.00, 0, '2022-09-12 04:58:00', '2022-09-12 04:58:00', NULL),
(84, 18, 67, 53, 0.00, 0.00, 0.00, 0.00, 0, '2022-09-12 04:58:13', '2022-09-12 04:58:13', NULL),
(85, 18, 68, 53, 0.00, 0.00, 0.00, 0.00, 0, '2022-09-12 04:58:30', '2022-09-12 04:58:30', NULL),
(86, 18, 69, 53, 0.00, 0.00, 0.00, 0.00, 0, '2022-09-12 04:58:41', '2022-09-12 04:58:41', NULL),
(87, 18, 70, 53, 0.00, 0.00, 0.00, 0.00, 0, '2022-09-12 04:58:57', '2022-09-12 04:58:57', NULL),
(88, 18, 71, 53, 0.00, 0.00, 0.00, 0.00, 0, '2022-09-12 04:59:10', '2022-09-12 04:59:10', NULL),
(89, 18, 72, 53, 0.00, 0.00, 0.00, 0.00, 0, '2022-09-12 04:59:25', '2022-09-12 04:59:25', NULL),
(90, 18, 73, 53, 0.00, 0.00, 0.00, 0.00, 0, '2022-09-12 04:59:35', '2022-09-12 04:59:35', NULL),
(91, 18, 74, 53, 0.00, 0.00, 0.00, 0.00, 0, '2022-09-12 04:59:45', '2022-09-12 04:59:45', NULL),
(92, 18, 75, 53, 0.00, 0.00, 0.00, 0.00, 0, '2022-09-12 04:59:58', '2022-09-12 04:59:58', NULL),
(93, 18, 76, 53, 0.00, 0.00, 0.00, 0.00, 0, '2022-09-12 05:00:13', '2022-09-12 05:00:13', NULL),
(94, 18, 77, 53, 0.00, 0.00, 0.00, 0.00, 0, '2022-09-12 05:01:00', '2022-09-12 05:01:00', NULL),
(95, 18, 78, 53, 0.00, 0.00, 0.00, 0.00, 0, '2022-09-12 05:01:10', '2022-09-12 05:01:10', NULL),
(96, 18, 79, 53, 0.00, 0.00, 0.00, 0.00, 0, '2022-09-12 05:01:26', '2022-09-12 05:01:26', NULL),
(97, 18, 80, 53, 0.00, 0.00, 0.00, 0.00, 0, '2022-09-12 05:01:39', '2022-09-12 05:01:39', NULL),
(98, 19, 81, 54, 0.00, 0.00, 0.00, 0.00, 0, '2022-09-12 05:02:19', '2022-09-12 05:02:19', NULL),
(99, 19, 82, 54, 0.00, 0.00, 0.00, 0.00, 0, '2022-09-12 05:02:31', '2022-09-12 05:02:31', NULL),
(100, 19, 83, 54, 0.00, 0.00, 0.00, 0.00, 0, '2022-09-12 05:02:44', '2022-09-12 05:02:44', NULL),
(101, 19, 84, 54, 0.00, 0.00, 0.00, 0.00, 0, '2022-09-12 05:02:57', '2022-09-12 05:02:57', NULL),
(102, 19, 85, 54, 0.00, 0.00, 0.00, 0.00, 0, '2022-09-12 05:03:14', '2022-09-12 05:03:14', NULL),
(103, 19, 86, 54, 0.00, 0.00, 0.00, 0.00, 0, '2022-09-12 05:03:31', '2022-09-12 05:03:31', NULL),
(104, 19, 87, 54, 0.00, 0.00, 0.00, 0.00, 0, '2022-09-12 05:03:44', '2022-09-12 05:03:44', NULL),
(105, 19, 88, 54, 0.00, 0.00, 0.00, 0.00, 0, '2022-09-12 05:03:56', '2022-09-12 05:03:56', NULL),
(106, 19, 89, 54, 0.00, 0.00, 0.00, 0.00, 0, '2022-09-12 05:04:08', '2022-09-12 05:04:08', NULL),
(107, 19, 90, 54, 0.00, 0.00, 0.00, 0.00, 0, '2022-09-12 05:04:20', '2022-09-12 05:04:20', NULL),
(108, 19, 91, 54, 0.00, 0.00, 0.00, 0.00, 0, '2022-09-12 05:04:32', '2022-09-12 05:04:32', NULL),
(109, 19, 92, 54, 0.00, 0.00, 0.00, 0.00, 0, '2022-09-12 05:04:53', '2022-09-12 05:04:53', NULL),
(110, 19, 93, 54, 0.00, 0.00, 0.00, 0.00, 0, '2022-09-12 05:05:15', '2022-09-12 05:05:15', NULL),
(111, 19, 94, 54, 0.00, 0.00, 0.00, 0.00, 0, '2022-09-12 05:05:27', '2022-09-12 05:05:27', NULL),
(112, 19, 95, 54, 0.00, 0.00, 0.00, 0.00, 0, '2022-09-12 05:05:38', '2022-09-12 05:05:38', NULL),
(113, 20, 96, 55, 0.00, 0.00, 0.00, 0.00, 0, '2022-09-12 05:06:43', '2022-09-12 05:06:43', NULL),
(114, 20, 97, 55, 0.00, 0.00, 0.00, 0.00, 0, '2022-09-12 05:06:59', '2022-09-12 05:06:59', NULL),
(115, 20, 98, 55, 0.00, 0.00, 0.00, 0.00, 0, '2022-09-12 05:07:22', '2022-09-12 05:07:22', NULL),
(116, 21, 99, 56, 0.00, 0.00, 0.00, 0.00, 0, '2022-09-12 05:07:40', '2022-09-12 05:07:40', NULL),
(117, 20, 100, 55, 0.00, 0.00, 0.00, 0.00, 0, '2022-09-12 05:08:14', '2022-09-12 05:08:14', NULL),
(118, 20, 101, 55, 0.00, 0.00, 0.00, 0.00, 0, '2022-09-12 05:08:27', '2022-09-12 05:08:27', NULL),
(119, 20, 102, 55, 0.00, 0.00, 0.00, 0.00, 0, '2022-09-12 05:08:50', '2022-09-12 05:08:50', NULL),
(120, 20, 103, 55, 0.00, 0.00, 0.00, 0.00, 0, '2022-09-12 05:09:12', '2022-09-12 05:09:12', NULL),
(121, 20, 104, 55, 0.00, 0.00, 0.00, 0.00, 0, '2022-09-12 05:09:50', '2022-09-12 05:09:50', NULL),
(122, 20, 105, 55, 0.00, 0.00, 0.00, 0.00, 0, '2022-09-12 05:10:12', '2022-09-12 05:10:12', NULL),
(123, 20, 106, 55, 0.00, 0.00, 0.00, 0.00, 0, '2022-09-12 05:10:35', '2022-09-12 05:10:35', NULL),
(124, 20, 107, 55, 0.00, 0.00, 0.00, 0.00, 0, '2022-09-12 05:10:55', '2022-09-12 05:10:55', NULL),
(125, 20, 108, 55, 0.00, 0.00, 0.00, 0.00, 0, '2022-09-12 05:11:11', '2022-09-12 05:11:11', NULL),
(126, 20, 109, 55, 0.00, 0.00, 0.00, 0.00, 0, '2022-09-12 05:11:28', '2022-09-12 05:11:28', NULL),
(127, 20, 110, 55, 0.00, 0.00, 0.00, 0.00, 0, '2022-09-12 05:11:49', '2022-09-12 05:11:49', NULL),
(128, 20, 111, 55, 0.00, 0.00, 0.00, 0.00, 0, '2022-09-12 05:12:10', '2022-09-12 05:12:10', NULL),
(129, 20, 112, 55, 0.00, 0.00, 0.00, 0.00, 0, '2022-09-12 05:12:30', '2022-09-12 05:12:30', NULL),
(130, 20, 113, 55, 0.00, 0.00, 0.00, 0.00, 0, '2022-09-12 05:12:42', '2022-09-12 05:12:42', NULL),
(131, 20, 114, 55, 0.00, 0.00, 0.00, 0.00, 0, '2022-09-12 05:12:56', '2022-09-12 05:12:56', NULL),
(132, 20, 115, 55, 0.00, 0.00, 0.00, 0.00, 0, '2022-09-12 05:13:15', '2022-09-12 05:13:15', NULL),
(133, 20, 116, 55, 0.00, 0.00, 0.00, 0.00, 0, '2022-09-12 05:13:29', '2022-09-12 05:13:29', NULL),
(134, 21, 117, 56, 0.00, 0.00, 0.00, 0.00, 0, '2022-09-12 05:13:59', '2022-09-12 05:13:59', NULL),
(135, 21, 118, 56, 0.00, 0.00, 0.00, 0.00, 0, '2022-09-12 05:14:27', '2022-09-12 05:14:27', NULL),
(136, 21, 119, 56, 0.00, 0.00, 0.00, 0.00, 0, '2022-09-12 05:14:44', '2022-09-12 05:14:44', NULL),
(137, 21, 120, 56, 0.00, 0.00, 0.00, 0.00, 0, '2022-09-12 05:15:09', '2022-09-12 05:15:09', NULL),
(138, 21, 121, 56, 0.00, 0.00, 0.00, 0.00, 0, '2022-09-12 05:15:25', '2022-09-12 05:15:25', NULL),
(139, 21, 122, 56, 0.00, 0.00, 0.00, 0.00, 0, '2022-09-12 05:15:36', '2022-09-12 05:15:36', NULL),
(140, 21, 123, 56, 0.00, 0.00, 0.00, 0.00, 0, '2022-09-12 05:15:58', '2022-09-12 05:15:58', NULL),
(141, 21, 124, 56, 0.00, 0.00, 0.00, 0.00, 0, '2022-09-12 05:16:08', '2022-09-12 05:16:08', NULL),
(142, 21, 125, 56, 0.00, 0.00, 0.00, 0.00, 0, '2022-09-12 05:16:28', '2022-09-12 05:16:28', NULL),
(143, 21, 126, 56, 0.00, 0.00, 0.00, 0.00, 0, '2022-09-12 05:16:42', '2022-09-12 05:16:42', NULL),
(144, 21, 127, 56, 0.00, 0.00, 0.00, 0.00, 0, '2022-09-12 05:16:55', '2022-09-12 05:16:55', NULL),
(145, 21, 128, 56, 0.00, 0.00, 0.00, 0.00, 0, '2022-09-12 05:17:10', '2022-09-12 05:17:10', NULL),
(146, 21, 129, 56, 0.00, 0.00, 0.00, 0.00, 0, '2022-09-12 05:17:35', '2022-09-12 05:17:35', NULL),
(147, 21, 130, 56, 0.00, 0.00, 0.00, 0.00, 0, '2022-09-12 05:17:48', '2022-09-12 05:17:48', NULL),
(148, 21, 131, 56, 0.00, 0.00, 0.00, 0.00, 0, '2022-09-12 05:18:07', '2022-09-12 05:18:07', NULL),
(149, 21, 132, 56, 0.00, 0.00, 0.00, 0.00, 0, '2022-09-12 05:18:21', '2022-09-12 05:18:21', NULL),
(150, 21, 133, 56, 0.00, 0.00, 0.00, 0.00, 0, '2022-09-12 05:18:30', '2022-09-12 05:18:30', NULL),
(151, 21, 134, 56, 0.00, 0.00, 0.00, 0.00, 0, '2022-09-12 05:18:43', '2022-09-12 05:18:43', NULL),
(152, 21, 135, 56, 0.00, 0.00, 0.00, 0.00, 0, '2022-09-12 05:18:54', '2022-09-12 05:18:54', NULL),
(153, 22, 136, 57, 0.00, 0.00, 0.00, 0.00, 0, '2022-09-12 05:19:13', '2022-09-12 05:19:13', NULL),
(154, 22, 137, 57, 0.00, 0.00, 0.00, 0.00, 0, '2022-09-12 05:19:24', '2022-09-12 05:19:24', NULL),
(155, 22, 138, 57, 0.00, 0.00, 0.00, 0.00, 0, '2022-09-12 05:19:34', '2022-09-12 05:19:34', NULL),
(156, 22, 139, 57, 0.00, 0.00, 0.00, 0.00, 0, '2022-09-12 05:19:56', '2022-09-12 05:19:56', NULL),
(157, 22, 140, 57, 0.00, 0.00, 0.00, 0.00, 0, '2022-09-12 05:20:17', '2022-09-12 05:20:17', NULL),
(158, 22, 141, 57, 0.00, 0.00, 0.00, 0.00, 0, '2022-09-12 05:20:30', '2022-09-12 05:20:30', NULL),
(159, 22, 142, 57, 0.00, 0.00, 0.00, 0.00, 0, '2022-09-12 05:20:44', '2022-09-12 05:20:44', NULL),
(160, 22, 143, 57, 0.00, 0.00, 0.00, 0.00, 0, '2022-09-12 05:20:59', '2022-09-12 05:20:59', NULL),
(161, 22, 144, 57, 0.00, 0.00, 0.00, 0.00, 0, '2022-09-12 05:21:12', '2022-09-12 05:21:12', NULL),
(162, 22, 145, 57, 0.00, 0.00, 0.00, 0.00, 0, '2022-09-12 05:21:22', '2022-09-12 05:21:22', NULL),
(163, 22, 146, 57, 0.00, 0.00, 0.00, 0.00, 0, '2022-09-12 05:21:41', '2022-09-12 05:21:41', NULL),
(164, 22, 147, 57, 0.00, 0.00, 0.00, 0.00, 0, '2022-09-12 05:21:57', '2022-09-12 05:21:57', NULL),
(165, 22, 148, 57, 0.00, 0.00, 0.00, 0.00, 0, '2022-09-12 05:22:08', '2022-09-12 05:22:08', NULL),
(166, 22, 149, 57, 0.00, 0.00, 0.00, 0.00, 0, '2022-09-12 05:22:21', '2022-09-12 05:22:21', NULL),
(167, 22, 150, 57, 0.00, 0.00, 0.00, 0.00, 0, '2022-09-12 05:22:40', '2022-09-12 05:22:40', NULL),
(168, 21, 151, 56, 0.00, 0.00, 0.00, 0.00, 0, '2022-09-12 05:22:51', '2022-09-12 05:22:51', NULL),
(169, 22, 152, 57, 0.00, 0.00, 0.00, 0.00, 0, '2022-09-12 05:23:01', '2022-09-12 05:23:01', NULL),
(170, 22, 153, 57, 0.00, 0.00, 0.00, 0.00, 0, '2022-09-12 05:23:14', '2022-09-12 05:23:14', NULL),
(171, 22, 154, 57, 0.00, 0.00, 0.00, 0.00, 0, '2022-09-12 05:23:26', '2022-09-12 05:23:26', NULL),
(172, 20, 155, 177, 0.00, 0.00, 0.00, 0.00, 0, '2022-09-29 01:35:58', '2022-09-29 01:35:58', NULL),
(173, 20, 155, 178, 0.00, 0.00, 0.00, 0.00, 0, '2022-09-29 01:35:58', '2022-09-29 01:35:58', NULL),
(174, 20, 155, 179, 0.00, 0.00, 0.00, 0.00, 0, '2022-09-29 01:35:58', '2022-09-29 01:35:58', NULL),
(175, 20, 155, 180, 0.00, 0.00, 0.00, 0.00, 0, '2022-09-29 01:35:58', '2022-09-29 01:35:58', NULL),
(176, 20, 155, 181, 0.00, 0.00, 0.00, 0.00, 0, '2022-09-29 01:35:58', '2022-09-29 01:35:58', NULL),
(177, 20, 155, 182, 0.00, 0.00, 0.00, 0.00, 0, '2022-09-29 01:35:58', '2022-09-29 01:35:58', NULL),
(178, 20, 155, 183, 0.00, 0.00, 0.00, 0.00, 0, '2022-09-29 01:35:58', '2022-09-29 01:35:58', NULL),
(179, 20, 155, 184, 0.00, 0.00, 0.00, 0.00, 0, '2022-09-29 01:35:58', '2022-09-29 01:35:58', NULL),
(180, 20, 155, 185, 0.00, 0.00, 0.00, 0.00, 0, '2022-09-29 01:35:58', '2022-09-29 01:35:58', NULL),
(181, 20, 155, 186, 0.00, 0.00, 0.00, 0.00, 0, '2022-09-29 01:35:58', '2022-09-29 01:35:58', NULL),
(182, 20, 155, 187, 0.00, 0.00, 0.00, 0.00, 0, '2022-09-29 01:35:58', '2022-09-29 01:35:58', NULL),
(183, 20, 155, 188, 0.00, 0.00, 0.00, 0.00, 0, '2022-09-29 01:35:58', '2022-09-29 01:35:58', NULL),
(184, 20, 155, 189, 0.00, 0.00, 0.00, 0.00, 0, '2022-09-29 01:35:58', '2022-09-29 01:35:58', NULL),
(185, 20, 155, 190, 0.00, 0.00, 0.00, 0.00, 0, '2022-09-29 01:35:58', '2022-09-29 01:35:58', NULL),
(186, 20, 155, 191, 0.00, 0.00, 0.00, 0.00, 0, '2022-09-29 01:35:58', '2022-09-29 01:35:58', NULL),
(187, 20, 155, 192, 0.00, 0.00, 0.00, 0.00, 0, '2022-09-29 01:35:58', '2022-09-29 01:35:58', NULL),
(188, 20, 156, 177, 0.00, 0.00, 0.00, 0.00, 0, '2022-09-29 01:41:28', '2022-09-29 01:41:28', NULL),
(189, 20, 156, 178, 0.00, 0.00, 0.00, 0.00, 0, '2022-09-29 01:41:28', '2022-09-29 01:41:28', NULL),
(190, 20, 156, 179, 0.00, 0.00, 0.00, 0.00, 0, '2022-09-29 01:41:28', '2022-09-29 01:41:28', NULL),
(191, 20, 156, 180, 0.00, 0.00, 0.00, 0.00, 0, '2022-09-29 01:41:28', '2022-09-29 01:41:28', NULL),
(192, 20, 156, 181, 0.00, 0.00, 0.00, 0.00, 0, '2022-09-29 01:41:28', '2022-09-29 01:41:28', NULL),
(193, 20, 156, 182, 0.00, 0.00, 0.00, 0.00, 0, '2022-09-29 01:41:28', '2022-09-29 01:41:28', NULL),
(194, 20, 156, 183, 0.00, 0.00, 0.00, 0.00, 0, '2022-09-29 01:41:28', '2022-09-29 01:41:28', NULL),
(195, 20, 156, 184, 0.00, 0.00, 0.00, 0.00, 0, '2022-09-29 01:41:28', '2022-09-29 01:41:28', NULL),
(196, 20, 156, 185, 0.00, 0.00, 0.00, 0.00, 0, '2022-09-29 01:41:28', '2022-09-29 01:41:28', NULL),
(197, 20, 156, 186, 0.00, 0.00, 0.00, 0.00, 0, '2022-09-29 01:41:28', '2022-09-29 01:41:28', NULL),
(198, 20, 156, 187, 0.00, 0.00, 0.00, 0.00, 0, '2022-09-29 01:41:28', '2022-09-29 01:41:28', NULL),
(199, 20, 156, 188, 0.00, 0.00, 0.00, 0.00, 0, '2022-09-29 01:41:28', '2022-09-29 01:41:28', NULL),
(200, 20, 156, 189, 0.00, 0.00, 0.00, 0.00, 0, '2022-09-29 01:41:28', '2022-09-29 01:41:28', NULL),
(201, 20, 156, 190, 0.00, 0.00, 0.00, 0.00, 0, '2022-09-29 01:41:28', '2022-09-29 01:41:28', NULL),
(202, 20, 156, 191, 0.00, 0.00, 0.00, 0.00, 0, '2022-09-29 01:41:28', '2022-09-29 01:41:28', NULL),
(203, 20, 156, 192, 0.00, 0.00, 0.00, 0.00, 0, '2022-09-29 01:41:28', '2022-09-29 01:41:28', NULL),
(204, 17, 157, 101, 0.00, 0.00, 0.00, 0.00, 0, '2022-09-29 01:44:47', '2022-09-29 01:44:47', NULL),
(205, 17, 157, 102, 0.00, 0.00, 0.00, 0.00, 0, '2022-09-29 01:44:47', '2022-09-29 01:44:47', NULL),
(206, 17, 157, 103, 0.00, 0.00, 0.00, 0.00, 0, '2022-09-29 01:44:47', '2022-09-29 01:44:47', NULL),
(207, 17, 157, 104, 0.00, 0.00, 0.00, 0.00, 0, '2022-09-29 01:44:47', '2022-09-29 01:44:47', NULL),
(208, 17, 157, 105, 0.00, 0.00, 0.00, 0.00, 0, '2022-09-29 01:44:47', '2022-09-29 01:44:47', NULL),
(209, 17, 157, 106, 0.00, 0.00, 0.00, 0.00, 0, '2022-09-29 01:44:47', '2022-09-29 01:44:47', NULL),
(210, 17, 157, 107, 0.00, 0.00, 0.00, 0.00, 0, '2022-09-29 01:44:47', '2022-09-29 01:44:47', NULL),
(211, 17, 157, 108, 0.00, 0.00, 0.00, 0.00, 0, '2022-09-29 01:44:47', '2022-09-29 01:44:47', NULL),
(212, 17, 157, 109, 0.00, 0.00, 0.00, 0.00, 0, '2022-09-29 01:44:47', '2022-09-29 01:44:47', NULL),
(213, 17, 157, 110, 0.00, 0.00, 0.00, 0.00, 0, '2022-09-29 01:44:47', '2022-09-29 01:44:47', NULL),
(214, 17, 157, 111, 0.00, 0.00, 0.00, 0.00, 0, '2022-09-29 01:44:47', '2022-09-29 01:44:47', NULL),
(215, 17, 157, 112, 0.00, 0.00, 0.00, 0.00, 0, '2022-09-29 01:44:47', '2022-09-29 01:44:47', NULL),
(216, 17, 157, 113, 0.00, 0.00, 0.00, 0.00, 0, '2022-09-29 01:44:47', '2022-09-29 01:44:47', NULL),
(217, 17, 157, 114, 0.00, 0.00, 0.00, 0.00, 0, '2022-09-29 01:44:47', '2022-09-29 01:44:47', NULL),
(218, 17, 157, 115, 0.00, 0.00, 0.00, 0.00, 0, '2022-09-29 01:44:47', '2022-09-29 01:44:47', NULL),
(219, 17, 157, 116, 0.00, 0.00, 0.00, 0.00, 0, '2022-09-29 01:44:47', '2022-09-29 01:44:47', NULL),
(220, 17, 157, 117, 0.00, 0.00, 0.00, 0.00, 0, '2022-09-29 01:44:47', '2022-09-29 01:44:47', NULL),
(221, 17, 157, 120, 0.00, 0.00, 0.00, 0.00, 0, '2022-09-29 01:44:47', '2022-09-29 01:44:47', NULL),
(222, 17, 157, 121, 0.00, 0.00, 0.00, 0.00, 0, '2022-09-29 01:44:47', '2022-09-29 01:44:47', NULL),
(223, 17, 157, 122, 0.00, 0.00, 0.00, 0.00, 0, '2022-09-29 01:44:47', '2022-09-29 01:44:47', NULL),
(224, 17, 157, 123, 0.00, 0.00, 0.00, 0.00, 0, '2022-09-29 01:44:47', '2022-09-29 01:44:47', NULL),
(225, 17, 157, 124, 0.00, 0.00, 0.00, 0.00, 0, '2022-09-29 01:44:47', '2022-09-29 01:44:47', NULL),
(226, 17, 157, 125, 0.00, 0.00, 0.00, 0.00, 0, '2022-09-29 01:44:47', '2022-09-29 01:44:47', NULL),
(227, 22, 158, 200, 0.00, 0.00, 0.00, 0.00, 0, '2022-09-29 01:47:04', '2022-09-29 01:47:04', NULL),
(228, 22, 158, 201, 0.00, 0.00, 0.00, 0.00, 0, '2022-09-29 01:47:04', '2022-09-29 01:47:04', NULL),
(229, 22, 158, 202, 0.00, 0.00, 0.00, 0.00, 0, '2022-09-29 01:47:04', '2022-09-29 01:47:04', NULL),
(230, 22, 158, 203, 0.00, 0.00, 0.00, 0.00, 0, '2022-09-29 01:47:04', '2022-09-29 01:47:04', NULL),
(231, 22, 158, 204, 0.00, 0.00, 0.00, 0.00, 0, '2022-09-29 01:47:04', '2022-09-29 01:47:04', NULL),
(232, 22, 158, 205, 0.00, 0.00, 0.00, 0.00, 0, '2022-09-29 01:47:04', '2022-09-29 01:47:04', NULL),
(233, 22, 158, 206, 0.00, 0.00, 0.00, 0.00, 0, '2022-09-29 01:47:04', '2022-09-29 01:47:04', NULL),
(234, 22, 158, 207, 0.00, 0.00, 0.00, 0.00, 0, '2022-09-29 01:47:04', '2022-09-29 01:47:04', NULL),
(235, 22, 158, 208, 0.00, 0.00, 0.00, 0.00, 0, '2022-09-29 01:47:04', '2022-09-29 01:47:04', NULL),
(236, 22, 158, 209, 0.00, 0.00, 0.00, 0.00, 0, '2022-09-29 01:47:04', '2022-09-29 01:47:04', NULL),
(237, 22, 158, 210, 0.00, 0.00, 0.00, 0.00, 0, '2022-09-29 01:47:04', '2022-09-29 01:47:04', NULL),
(238, 22, 158, 211, 0.00, 0.00, 0.00, 0.00, 0, '2022-09-29 01:47:04', '2022-09-29 01:47:04', NULL),
(239, 22, 158, 212, 0.00, 0.00, 0.00, 0.00, 0, '2022-09-29 01:47:04', '2022-09-29 01:47:04', NULL),
(240, 22, 158, 213, 0.00, 0.00, 0.00, 0.00, 0, '2022-09-29 01:47:04', '2022-09-29 01:47:04', NULL),
(241, 22, 158, 214, 0.00, 0.00, 0.00, 0.00, 0, '2022-09-29 01:47:04', '2022-09-29 01:47:04', NULL),
(242, 22, 158, 215, 0.00, 0.00, 0.00, 0.00, 0, '2022-09-29 01:47:04', '2022-09-29 01:47:04', NULL),
(243, 22, 158, 216, 0.00, 0.00, 0.00, 0.00, 0, '2022-09-29 01:47:04', '2022-09-29 01:47:04', NULL),
(244, 20, 159, 177, 0.00, 0.00, 0.00, 0.00, 0, '2022-09-29 01:47:28', '2022-09-29 01:47:28', NULL),
(245, 20, 159, 178, 0.00, 0.00, 0.00, 0.00, 0, '2022-09-29 01:47:28', '2022-09-29 01:47:28', NULL),
(246, 20, 159, 179, 0.00, 0.00, 0.00, 0.00, 0, '2022-09-29 01:47:28', '2022-09-29 01:47:28', NULL),
(247, 20, 159, 180, 0.00, 0.00, 0.00, 0.00, 0, '2022-09-29 01:47:28', '2022-09-29 01:47:28', NULL),
(248, 20, 159, 181, 0.00, 0.00, 0.00, 0.00, 0, '2022-09-29 01:47:28', '2022-09-29 01:47:28', NULL),
(249, 20, 159, 182, 0.00, 0.00, 0.00, 0.00, 0, '2022-09-29 01:47:28', '2022-09-29 01:47:28', NULL),
(250, 20, 159, 183, 0.00, 0.00, 0.00, 0.00, 0, '2022-09-29 01:47:28', '2022-09-29 01:47:28', NULL),
(251, 20, 159, 184, 0.00, 0.00, 0.00, 0.00, 0, '2022-09-29 01:47:28', '2022-09-29 01:47:28', NULL),
(252, 20, 159, 185, 0.00, 0.00, 0.00, 0.00, 0, '2022-09-29 01:47:28', '2022-09-29 01:47:28', NULL),
(253, 20, 159, 186, 0.00, 0.00, 0.00, 0.00, 0, '2022-09-29 01:47:28', '2022-09-29 01:47:28', NULL),
(254, 20, 159, 187, 0.00, 0.00, 0.00, 0.00, 0, '2022-09-29 01:47:28', '2022-09-29 01:47:28', NULL),
(255, 20, 159, 188, 0.00, 0.00, 0.00, 0.00, 0, '2022-09-29 01:47:28', '2022-09-29 01:47:28', NULL),
(256, 20, 159, 189, 0.00, 0.00, 0.00, 0.00, 0, '2022-09-29 01:47:28', '2022-09-29 01:47:28', NULL),
(257, 20, 159, 190, 0.00, 0.00, 0.00, 0.00, 0, '2022-09-29 01:47:28', '2022-09-29 01:47:28', NULL),
(258, 20, 159, 191, 0.00, 0.00, 0.00, 0.00, 0, '2022-09-29 01:47:28', '2022-09-29 01:47:28', NULL),
(259, 20, 159, 192, 0.00, 0.00, 0.00, 0.00, 0, '2022-09-29 01:47:28', '2022-09-29 01:47:28', NULL),
(260, 15, 17, 58, 0.00, 0.00, 0.00, 0.00, 0, '2022-10-08 07:54:05', '2022-10-08 07:54:05', NULL),
(261, 15, 17, 59, 0.00, 0.00, 0.00, 0.00, 0, '2022-10-08 07:54:05', '2022-10-08 07:54:05', NULL),
(262, 15, 17, 60, 0.00, 0.00, 0.00, 0.00, 0, '2022-10-08 07:54:05', '2022-10-08 07:54:05', NULL),
(263, 15, 17, 61, 0.00, 0.00, 0.00, 0.00, 0, '2022-10-08 07:54:05', '2022-10-08 07:54:05', NULL),
(264, 15, 17, 62, 0.00, 0.00, 0.00, 0.00, 0, '2022-10-08 07:54:05', '2022-10-08 07:54:05', NULL),
(265, 15, 17, 63, 0.00, 0.00, 0.00, 0.00, 0, '2022-10-08 07:54:05', '2022-10-08 07:54:05', NULL),
(266, 15, 17, 64, 0.00, 0.00, 0.00, 0.00, 0, '2022-10-08 07:54:05', '2022-10-08 07:54:05', NULL),
(267, 15, 17, 65, 0.00, 0.00, 0.00, 0.00, 0, '2022-10-08 07:54:05', '2022-10-08 07:54:05', NULL),
(268, 15, 17, 66, 0.00, 0.00, 0.00, 0.00, 0, '2022-10-08 07:54:05', '2022-10-08 07:54:05', NULL),
(269, 15, 17, 67, 0.00, 0.00, 0.00, 0.00, 0, '2022-10-08 07:54:05', '2022-10-08 07:54:05', NULL),
(270, 15, 17, 68, 0.00, 0.00, 0.00, 0.00, 0, '2022-10-08 07:54:05', '2022-10-08 07:54:05', NULL),
(271, 15, 17, 69, 0.00, 0.00, 0.00, 0.00, 0, '2022-10-08 07:54:05', '2022-10-08 07:54:05', NULL),
(272, 15, 17, 70, 0.00, 0.00, 0.00, 0.00, 0, '2022-10-08 07:54:05', '2022-10-08 07:54:05', NULL),
(273, 15, 17, 71, 0.00, 0.00, 0.00, 0.00, 0, '2022-10-08 07:54:05', '2022-10-08 07:54:05', NULL),
(274, 15, 17, 72, 0.00, 0.00, 0.00, 0.00, 0, '2022-10-08 07:54:05', '2022-10-08 07:54:05', NULL),
(275, 15, 17, 73, 0.00, 0.00, 0.00, 0.00, 0, '2022-10-08 07:54:05', '2022-10-08 07:54:05', NULL),
(276, 15, 17, 74, 0.00, 0.00, 0.00, 0.00, 0, '2022-10-08 07:54:05', '2022-10-08 07:54:05', NULL),
(277, 15, 17, 75, 0.00, 0.00, 0.00, 0.00, 0, '2022-10-08 07:54:05', '2022-10-08 07:54:05', NULL),
(278, 15, 17, 76, 0.00, 0.00, 0.00, 0.00, 0, '2022-10-08 07:54:05', '2022-10-08 07:54:05', NULL),
(279, 15, 17, 77, 0.00, 0.00, 0.00, 0.00, 0, '2022-10-08 07:54:05', '2022-10-08 07:54:05', NULL),
(280, 15, 17, 78, 0.00, 0.00, 0.00, 0.00, 0, '2022-10-08 07:54:05', '2022-10-08 07:54:05', NULL),
(281, 15, 17, 79, 0.00, 0.00, 0.00, 0.00, 0, '2022-10-08 07:54:05', '2022-10-08 07:54:05', NULL),
(282, 15, 17, 80, 0.00, 0.00, 0.00, 0.00, 0, '2022-10-08 07:54:05', '2022-10-08 07:54:05', NULL),
(283, 15, 17, 81, 0.00, 0.00, 0.00, 0.00, 0, '2022-10-08 07:54:05', '2022-10-08 07:54:05', NULL),
(284, 16, 18, 82, 0.00, 0.00, 0.00, 0.00, 0, '2022-10-08 08:00:53', '2022-10-08 08:00:53', NULL),
(285, 16, 18, 83, 0.00, 0.00, 0.00, 0.00, 0, '2022-10-08 08:00:53', '2022-10-08 08:00:53', NULL),
(286, 16, 18, 84, 0.00, 0.00, 0.00, 0.00, 0, '2022-10-08 08:00:53', '2022-10-08 08:00:53', NULL),
(287, 16, 18, 85, 0.00, 0.00, 0.00, 0.00, 0, '2022-10-08 08:00:53', '2022-10-08 08:00:53', NULL),
(288, 16, 18, 86, 0.00, 0.00, 0.00, 0.00, 0, '2022-10-08 08:00:53', '2022-10-08 08:00:53', NULL),
(289, 16, 18, 87, 0.00, 0.00, 0.00, 0.00, 0, '2022-10-08 08:00:53', '2022-10-08 08:00:53', NULL),
(290, 16, 18, 88, 0.00, 0.00, 0.00, 0.00, 0, '2022-10-08 08:00:53', '2022-10-08 08:00:53', NULL),
(291, 16, 18, 89, 0.00, 0.00, 0.00, 0.00, 0, '2022-10-08 08:00:53', '2022-10-08 08:00:53', NULL),
(292, 16, 18, 90, 0.00, 0.00, 0.00, 0.00, 0, '2022-10-08 08:00:53', '2022-10-08 08:00:53', NULL),
(293, 16, 18, 91, 0.00, 0.00, 0.00, 0.00, 0, '2022-10-08 08:00:53', '2022-10-08 08:00:53', NULL),
(294, 16, 18, 93, 0.00, 0.00, 0.00, 0.00, 0, '2022-10-08 08:00:53', '2022-10-08 08:00:53', NULL),
(295, 16, 18, 94, 0.00, 0.00, 0.00, 0.00, 0, '2022-10-08 08:00:53', '2022-10-08 08:00:53', NULL),
(296, 16, 18, 95, 0.00, 0.00, 0.00, 0.00, 0, '2022-10-08 08:00:53', '2022-10-08 08:00:53', NULL),
(297, 16, 18, 97, 0.00, 0.00, 0.00, 0.00, 0, '2022-10-08 08:00:53', '2022-10-08 08:00:53', NULL),
(298, 16, 18, 98, 0.00, 0.00, 0.00, 0.00, 0, '2022-10-08 08:00:53', '2022-10-08 08:00:53', NULL),
(299, 16, 18, 99, 0.00, 0.00, 0.00, 0.00, 0, '2022-10-08 08:00:53', '2022-10-08 08:00:53', NULL),
(300, 16, 18, 100, 0.00, 0.00, 0.00, 0.00, 0, '2022-10-08 08:00:53', '2022-10-08 08:00:53', NULL),
(301, 15, 20, 58, 0.00, 0.00, 0.00, 0.00, 0, '2022-10-08 08:05:09', '2022-10-08 08:05:09', NULL),
(302, 15, 20, 59, 0.00, 0.00, 0.00, 0.00, 0, '2022-10-08 08:05:09', '2022-10-08 08:05:09', NULL),
(303, 15, 20, 60, 0.00, 0.00, 0.00, 0.00, 0, '2022-10-08 08:05:09', '2022-10-08 08:05:09', NULL),
(304, 15, 20, 61, 0.00, 0.00, 0.00, 0.00, 0, '2022-10-08 08:05:09', '2022-10-08 08:05:09', NULL),
(305, 15, 20, 62, 0.00, 0.00, 0.00, 0.00, 0, '2022-10-08 08:05:09', '2022-10-08 08:05:09', NULL),
(306, 15, 20, 63, 0.00, 0.00, 0.00, 0.00, 0, '2022-10-08 08:05:09', '2022-10-08 08:05:09', NULL),
(307, 15, 20, 64, 0.00, 0.00, 0.00, 0.00, 0, '2022-10-08 08:05:09', '2022-10-08 08:05:09', NULL),
(308, 15, 20, 65, 0.00, 0.00, 0.00, 0.00, 0, '2022-10-08 08:05:09', '2022-10-08 08:05:09', NULL),
(309, 15, 20, 66, 0.00, 0.00, 0.00, 0.00, 0, '2022-10-08 08:05:09', '2022-10-08 08:05:09', NULL),
(310, 15, 20, 67, 0.00, 0.00, 0.00, 0.00, 0, '2022-10-08 08:05:09', '2022-10-08 08:05:09', NULL),
(311, 15, 20, 68, 0.00, 0.00, 0.00, 0.00, 0, '2022-10-08 08:05:09', '2022-10-08 08:05:09', NULL),
(312, 15, 20, 69, 0.00, 0.00, 0.00, 0.00, 0, '2022-10-08 08:05:09', '2022-10-08 08:05:09', NULL),
(313, 15, 20, 70, 0.00, 0.00, 0.00, 0.00, 0, '2022-10-08 08:05:09', '2022-10-08 08:05:09', NULL),
(314, 15, 20, 71, 0.00, 0.00, 0.00, 0.00, 0, '2022-10-08 08:05:09', '2022-10-08 08:05:09', NULL),
(315, 15, 20, 72, 0.00, 0.00, 0.00, 0.00, 0, '2022-10-08 08:05:09', '2022-10-08 08:05:09', NULL),
(316, 15, 20, 73, 0.00, 0.00, 0.00, 0.00, 0, '2022-10-08 08:05:09', '2022-10-08 08:05:09', NULL),
(317, 15, 20, 74, 0.00, 0.00, 0.00, 0.00, 0, '2022-10-08 08:05:09', '2022-10-08 08:05:09', NULL),
(318, 15, 20, 75, 0.00, 0.00, 0.00, 0.00, 0, '2022-10-08 08:05:09', '2022-10-08 08:05:09', NULL),
(319, 15, 20, 76, 0.00, 0.00, 0.00, 0.00, 0, '2022-10-08 08:05:09', '2022-10-08 08:05:09', NULL),
(320, 15, 20, 77, 0.00, 0.00, 0.00, 0.00, 0, '2022-10-08 08:05:09', '2022-10-08 08:05:09', NULL),
(321, 15, 20, 78, 0.00, 0.00, 0.00, 0.00, 0, '2022-10-08 08:05:09', '2022-10-08 08:05:09', NULL),
(322, 15, 20, 79, 0.00, 0.00, 0.00, 0.00, 0, '2022-10-08 08:05:09', '2022-10-08 08:05:09', NULL),
(323, 15, 20, 80, 0.00, 0.00, 0.00, 0.00, 0, '2022-10-08 08:05:09', '2022-10-08 08:05:09', NULL),
(324, 15, 20, 81, 0.00, 0.00, 0.00, 0.00, 0, '2022-10-08 08:05:09', '2022-10-08 08:05:09', NULL),
(325, 15, 22, 58, 0.00, 0.00, 0.00, 0.00, 0, '2022-10-08 08:05:21', '2022-10-08 08:05:21', NULL),
(326, 15, 22, 59, 0.00, 0.00, 0.00, 0.00, 0, '2022-10-08 08:05:21', '2022-10-08 08:05:21', NULL),
(327, 15, 22, 60, 0.00, 0.00, 0.00, 0.00, 0, '2022-10-08 08:05:21', '2022-10-08 08:05:21', NULL),
(328, 15, 22, 61, 0.00, 0.00, 0.00, 0.00, 0, '2022-10-08 08:05:21', '2022-10-08 08:05:21', NULL),
(329, 15, 22, 62, 0.00, 0.00, 0.00, 0.00, 0, '2022-10-08 08:05:21', '2022-10-08 08:05:21', NULL),
(330, 15, 22, 63, 0.00, 0.00, 0.00, 0.00, 0, '2022-10-08 08:05:21', '2022-10-08 08:05:21', NULL),
(331, 15, 22, 64, 0.00, 0.00, 0.00, 0.00, 0, '2022-10-08 08:05:21', '2022-10-08 08:05:21', NULL),
(332, 15, 22, 65, 0.00, 0.00, 0.00, 0.00, 0, '2022-10-08 08:05:21', '2022-10-08 08:05:21', NULL),
(333, 15, 22, 66, 0.00, 0.00, 0.00, 0.00, 0, '2022-10-08 08:05:21', '2022-10-08 08:05:21', NULL),
(334, 15, 22, 67, 0.00, 0.00, 0.00, 0.00, 0, '2022-10-08 08:05:21', '2022-10-08 08:05:21', NULL),
(335, 15, 22, 68, 0.00, 0.00, 0.00, 0.00, 0, '2022-10-08 08:05:21', '2022-10-08 08:05:21', NULL),
(336, 15, 22, 69, 0.00, 0.00, 0.00, 0.00, 0, '2022-10-08 08:05:21', '2022-10-08 08:05:21', NULL),
(337, 15, 22, 70, 0.00, 0.00, 0.00, 0.00, 0, '2022-10-08 08:05:21', '2022-10-08 08:05:21', NULL),
(338, 15, 22, 71, 0.00, 0.00, 0.00, 0.00, 0, '2022-10-08 08:05:21', '2022-10-08 08:05:21', NULL),
(339, 15, 22, 72, 0.00, 0.00, 0.00, 0.00, 0, '2022-10-08 08:05:21', '2022-10-08 08:05:21', NULL),
(340, 15, 22, 73, 0.00, 0.00, 0.00, 0.00, 0, '2022-10-08 08:05:21', '2022-10-08 08:05:21', NULL),
(341, 15, 22, 74, 0.00, 0.00, 0.00, 0.00, 0, '2022-10-08 08:05:21', '2022-10-08 08:05:21', NULL),
(342, 15, 22, 75, 0.00, 0.00, 0.00, 0.00, 0, '2022-10-08 08:05:21', '2022-10-08 08:05:21', NULL),
(343, 15, 22, 76, 0.00, 0.00, 0.00, 0.00, 0, '2022-10-08 08:05:21', '2022-10-08 08:05:21', NULL),
(344, 15, 22, 77, 0.00, 0.00, 0.00, 0.00, 0, '2022-10-08 08:05:21', '2022-10-08 08:05:21', NULL),
(345, 15, 22, 78, 0.00, 0.00, 0.00, 0.00, 0, '2022-10-08 08:05:21', '2022-10-08 08:05:21', NULL),
(346, 15, 22, 79, 0.00, 0.00, 0.00, 0.00, 0, '2022-10-08 08:05:21', '2022-10-08 08:05:21', NULL),
(347, 15, 22, 80, 0.00, 0.00, 0.00, 0.00, 0, '2022-10-08 08:05:21', '2022-10-08 08:05:21', NULL),
(348, 15, 22, 81, 0.00, 0.00, 0.00, 0.00, 0, '2022-10-08 08:05:21', '2022-10-08 08:05:21', NULL),
(349, 15, 23, 58, 0.00, 0.00, 0.00, 0.00, 0, '2022-10-08 08:05:36', '2022-10-08 08:05:36', NULL),
(350, 15, 23, 59, 0.00, 0.00, 0.00, 0.00, 0, '2022-10-08 08:05:36', '2022-10-08 08:05:36', NULL),
(351, 15, 23, 60, 0.00, 0.00, 0.00, 0.00, 0, '2022-10-08 08:05:36', '2022-10-08 08:05:36', NULL),
(352, 15, 23, 61, 0.00, 0.00, 0.00, 0.00, 0, '2022-10-08 08:05:36', '2022-10-08 08:05:36', NULL),
(353, 15, 23, 62, 0.00, 0.00, 0.00, 0.00, 0, '2022-10-08 08:05:36', '2022-10-08 08:05:36', NULL),
(354, 15, 23, 63, 0.00, 0.00, 0.00, 0.00, 0, '2022-10-08 08:05:36', '2022-10-08 08:05:36', NULL),
(355, 15, 23, 64, 0.00, 0.00, 0.00, 0.00, 0, '2022-10-08 08:05:36', '2022-10-08 08:05:36', NULL),
(356, 15, 23, 65, 0.00, 0.00, 0.00, 0.00, 0, '2022-10-08 08:05:36', '2022-10-08 08:05:36', NULL),
(357, 15, 23, 66, 0.00, 0.00, 0.00, 0.00, 0, '2022-10-08 08:05:36', '2022-10-08 08:05:36', NULL),
(358, 15, 23, 67, 0.00, 0.00, 0.00, 0.00, 0, '2022-10-08 08:05:36', '2022-10-08 08:05:36', NULL),
(359, 15, 23, 68, 0.00, 0.00, 0.00, 0.00, 0, '2022-10-08 08:05:36', '2022-10-08 08:05:36', NULL),
(360, 15, 23, 69, 0.00, 0.00, 0.00, 0.00, 0, '2022-10-08 08:05:36', '2022-10-08 08:05:36', NULL),
(361, 15, 23, 70, 0.00, 0.00, 0.00, 0.00, 0, '2022-10-08 08:05:36', '2022-10-08 08:05:36', NULL),
(362, 15, 23, 71, 0.00, 0.00, 0.00, 0.00, 0, '2022-10-08 08:05:36', '2022-10-08 08:05:36', NULL),
(363, 15, 23, 72, 0.00, 0.00, 0.00, 0.00, 0, '2022-10-08 08:05:36', '2022-10-08 08:05:36', NULL),
(364, 15, 23, 73, 0.00, 0.00, 0.00, 0.00, 0, '2022-10-08 08:05:36', '2022-10-08 08:05:36', NULL),
(365, 15, 23, 74, 0.00, 0.00, 0.00, 0.00, 0, '2022-10-08 08:05:36', '2022-10-08 08:05:36', NULL),
(366, 15, 23, 75, 0.00, 0.00, 0.00, 0.00, 0, '2022-10-08 08:05:36', '2022-10-08 08:05:36', NULL),
(367, 15, 23, 76, 0.00, 0.00, 0.00, 0.00, 0, '2022-10-08 08:05:36', '2022-10-08 08:05:36', NULL),
(368, 15, 23, 77, 0.00, 0.00, 0.00, 0.00, 0, '2022-10-08 08:05:36', '2022-10-08 08:05:36', NULL),
(369, 15, 23, 78, 0.00, 0.00, 0.00, 0.00, 0, '2022-10-08 08:05:36', '2022-10-08 08:05:36', NULL),
(370, 15, 23, 79, 0.00, 0.00, 0.00, 0.00, 0, '2022-10-08 08:05:36', '2022-10-08 08:05:36', NULL),
(371, 15, 23, 80, 0.00, 0.00, 0.00, 0.00, 0, '2022-10-08 08:05:36', '2022-10-08 08:05:36', NULL),
(372, 15, 23, 81, 0.00, 0.00, 0.00, 0.00, 0, '2022-10-08 08:05:36', '2022-10-08 08:05:36', NULL),
(373, 15, 24, 58, 0.00, 0.00, 0.00, 0.00, 0, '2022-10-08 08:05:52', '2022-10-08 08:05:52', NULL),
(374, 15, 24, 59, 0.00, 0.00, 0.00, 0.00, 0, '2022-10-08 08:05:52', '2022-10-08 08:05:52', NULL),
(375, 15, 24, 60, 0.00, 0.00, 0.00, 0.00, 0, '2022-10-08 08:05:52', '2022-10-08 08:05:52', NULL),
(376, 15, 24, 61, 0.00, 0.00, 0.00, 0.00, 0, '2022-10-08 08:05:52', '2022-10-08 08:05:52', NULL),
(377, 15, 24, 62, 0.00, 0.00, 0.00, 0.00, 0, '2022-10-08 08:05:52', '2022-10-08 08:05:52', NULL),
(378, 15, 24, 63, 0.00, 0.00, 0.00, 0.00, 0, '2022-10-08 08:05:52', '2022-10-08 08:05:52', NULL),
(379, 15, 24, 64, 0.00, 0.00, 0.00, 0.00, 0, '2022-10-08 08:05:52', '2022-10-08 08:05:52', NULL),
(380, 15, 24, 65, 0.00, 0.00, 0.00, 0.00, 0, '2022-10-08 08:05:52', '2022-10-08 08:05:52', NULL),
(381, 15, 24, 66, 0.00, 0.00, 0.00, 0.00, 0, '2022-10-08 08:05:52', '2022-10-08 08:05:52', NULL),
(382, 15, 24, 67, 0.00, 0.00, 0.00, 0.00, 0, '2022-10-08 08:05:52', '2022-10-08 08:05:52', NULL),
(383, 15, 24, 68, 0.00, 0.00, 0.00, 0.00, 0, '2022-10-08 08:05:52', '2022-10-08 08:05:52', NULL),
(384, 15, 24, 69, 0.00, 0.00, 0.00, 0.00, 0, '2022-10-08 08:05:52', '2022-10-08 08:05:52', NULL),
(385, 15, 24, 70, 0.00, 0.00, 0.00, 0.00, 0, '2022-10-08 08:05:52', '2022-10-08 08:05:52', NULL),
(386, 15, 24, 71, 0.00, 0.00, 0.00, 0.00, 0, '2022-10-08 08:05:52', '2022-10-08 08:05:52', NULL),
(387, 15, 24, 72, 0.00, 0.00, 0.00, 0.00, 0, '2022-10-08 08:05:52', '2022-10-08 08:05:52', NULL),
(388, 15, 24, 73, 0.00, 0.00, 0.00, 0.00, 0, '2022-10-08 08:05:52', '2022-10-08 08:05:52', NULL),
(389, 15, 24, 74, 0.00, 0.00, 0.00, 0.00, 0, '2022-10-08 08:05:52', '2022-10-08 08:05:52', NULL),
(390, 15, 24, 75, 0.00, 0.00, 0.00, 0.00, 0, '2022-10-08 08:05:52', '2022-10-08 08:05:52', NULL),
(391, 15, 24, 76, 0.00, 0.00, 0.00, 0.00, 0, '2022-10-08 08:05:52', '2022-10-08 08:05:52', NULL),
(392, 15, 24, 77, 0.00, 0.00, 0.00, 0.00, 0, '2022-10-08 08:05:52', '2022-10-08 08:05:52', NULL),
(393, 15, 24, 78, 0.00, 0.00, 0.00, 0.00, 0, '2022-10-08 08:05:52', '2022-10-08 08:05:52', NULL),
(394, 15, 24, 79, 0.00, 0.00, 0.00, 0.00, 0, '2022-10-08 08:05:52', '2022-10-08 08:05:52', NULL),
(395, 15, 24, 80, 0.00, 0.00, 0.00, 0.00, 0, '2022-10-08 08:05:52', '2022-10-08 08:05:52', NULL),
(396, 15, 24, 81, 0.00, 0.00, 0.00, 0.00, 0, '2022-10-08 08:05:52', '2022-10-08 08:05:52', NULL),
(397, 15, 25, 58, 0.00, 0.00, 0.00, 0.00, 0, '2022-10-08 08:06:06', '2022-10-08 08:06:06', NULL),
(398, 15, 25, 59, 0.00, 0.00, 0.00, 0.00, 0, '2022-10-08 08:06:06', '2022-10-08 08:06:06', NULL),
(399, 15, 25, 60, 0.00, 0.00, 0.00, 0.00, 0, '2022-10-08 08:06:06', '2022-10-08 08:06:06', NULL),
(400, 15, 25, 61, 0.00, 0.00, 0.00, 0.00, 0, '2022-10-08 08:06:06', '2022-10-08 08:06:06', NULL),
(401, 15, 25, 62, 0.00, 0.00, 0.00, 0.00, 0, '2022-10-08 08:06:06', '2022-10-08 08:06:06', NULL),
(402, 15, 25, 63, 0.00, 0.00, 0.00, 0.00, 0, '2022-10-08 08:06:06', '2022-10-08 08:06:06', NULL),
(403, 15, 25, 64, 0.00, 0.00, 0.00, 0.00, 0, '2022-10-08 08:06:06', '2022-10-08 08:06:06', NULL),
(404, 15, 25, 65, 0.00, 0.00, 0.00, 0.00, 0, '2022-10-08 08:06:06', '2022-10-08 08:06:06', NULL),
(405, 15, 25, 66, 0.00, 0.00, 0.00, 0.00, 0, '2022-10-08 08:06:06', '2022-10-08 08:06:06', NULL),
(406, 15, 25, 67, 0.00, 0.00, 0.00, 0.00, 0, '2022-10-08 08:06:06', '2022-10-08 08:06:06', NULL),
(407, 15, 25, 68, 0.00, 0.00, 0.00, 0.00, 0, '2022-10-08 08:06:06', '2022-10-08 08:06:06', NULL),
(408, 15, 25, 69, 0.00, 0.00, 0.00, 0.00, 0, '2022-10-08 08:06:06', '2022-10-08 08:06:06', NULL),
(409, 15, 25, 70, 0.00, 0.00, 0.00, 0.00, 0, '2022-10-08 08:06:06', '2022-10-08 08:06:06', NULL),
(410, 15, 25, 71, 0.00, 0.00, 0.00, 0.00, 0, '2022-10-08 08:06:06', '2022-10-08 08:06:06', NULL),
(411, 15, 25, 72, 0.00, 0.00, 0.00, 0.00, 0, '2022-10-08 08:06:06', '2022-10-08 08:06:06', NULL),
(412, 15, 25, 73, 0.00, 0.00, 0.00, 0.00, 0, '2022-10-08 08:06:06', '2022-10-08 08:06:06', NULL),
(413, 15, 25, 74, 0.00, 0.00, 0.00, 0.00, 0, '2022-10-08 08:06:06', '2022-10-08 08:06:06', NULL),
(414, 15, 25, 75, 0.00, 0.00, 0.00, 0.00, 0, '2022-10-08 08:06:06', '2022-10-08 08:06:06', NULL),
(415, 15, 25, 76, 0.00, 0.00, 0.00, 0.00, 0, '2022-10-08 08:06:06', '2022-10-08 08:06:06', NULL),
(416, 15, 25, 77, 0.00, 0.00, 0.00, 0.00, 0, '2022-10-08 08:06:06', '2022-10-08 08:06:06', NULL),
(417, 15, 25, 78, 0.00, 0.00, 0.00, 0.00, 0, '2022-10-08 08:06:06', '2022-10-08 08:06:06', NULL),
(418, 15, 25, 79, 0.00, 0.00, 0.00, 0.00, 0, '2022-10-08 08:06:06', '2022-10-08 08:06:06', NULL),
(419, 15, 25, 80, 0.00, 0.00, 0.00, 0.00, 0, '2022-10-08 08:06:06', '2022-10-08 08:06:06', NULL),
(420, 15, 25, 81, 0.00, 0.00, 0.00, 0.00, 0, '2022-10-08 08:06:06', '2022-10-08 08:06:06', NULL),
(421, 15, 26, 58, 0.00, 0.00, 0.00, 0.00, 0, '2022-10-08 08:06:22', '2022-10-08 08:06:22', NULL),
(422, 15, 26, 59, 0.00, 0.00, 0.00, 0.00, 0, '2022-10-08 08:06:22', '2022-10-08 08:06:22', NULL),
(423, 15, 26, 60, 0.00, 0.00, 0.00, 0.00, 0, '2022-10-08 08:06:22', '2022-10-08 08:06:22', NULL),
(424, 15, 26, 61, 0.00, 0.00, 0.00, 0.00, 0, '2022-10-08 08:06:22', '2022-10-08 08:06:22', NULL),
(425, 15, 26, 62, 0.00, 0.00, 0.00, 0.00, 0, '2022-10-08 08:06:22', '2022-10-08 08:06:22', NULL),
(426, 15, 26, 63, 0.00, 0.00, 0.00, 0.00, 0, '2022-10-08 08:06:22', '2022-10-08 08:06:22', NULL),
(427, 15, 26, 64, 0.00, 0.00, 0.00, 0.00, 0, '2022-10-08 08:06:22', '2022-10-08 08:06:22', NULL),
(428, 15, 26, 65, 0.00, 0.00, 0.00, 0.00, 0, '2022-10-08 08:06:22', '2022-10-08 08:06:22', NULL),
(429, 15, 26, 66, 0.00, 0.00, 0.00, 0.00, 0, '2022-10-08 08:06:22', '2022-10-08 08:06:22', NULL),
(430, 15, 26, 67, 0.00, 0.00, 0.00, 0.00, 0, '2022-10-08 08:06:22', '2022-10-08 08:06:22', NULL),
(431, 15, 26, 68, 0.00, 0.00, 0.00, 0.00, 0, '2022-10-08 08:06:22', '2022-10-08 08:06:22', NULL),
(432, 15, 26, 69, 0.00, 0.00, 0.00, 0.00, 0, '2022-10-08 08:06:22', '2022-10-08 08:06:22', NULL),
(433, 15, 26, 70, 0.00, 0.00, 0.00, 0.00, 0, '2022-10-08 08:06:22', '2022-10-08 08:06:22', NULL),
(434, 15, 26, 71, 0.00, 0.00, 0.00, 0.00, 0, '2022-10-08 08:06:22', '2022-10-08 08:06:22', NULL),
(435, 15, 26, 72, 0.00, 0.00, 0.00, 0.00, 0, '2022-10-08 08:06:22', '2022-10-08 08:06:22', NULL),
(436, 15, 26, 73, 0.00, 0.00, 0.00, 0.00, 0, '2022-10-08 08:06:22', '2022-10-08 08:06:22', NULL),
(437, 15, 26, 74, 0.00, 0.00, 0.00, 0.00, 0, '2022-10-08 08:06:22', '2022-10-08 08:06:22', NULL),
(438, 15, 26, 75, 0.00, 0.00, 0.00, 0.00, 0, '2022-10-08 08:06:22', '2022-10-08 08:06:22', NULL),
(439, 15, 26, 76, 0.00, 0.00, 0.00, 0.00, 0, '2022-10-08 08:06:22', '2022-10-08 08:06:22', NULL),
(440, 15, 26, 77, 0.00, 0.00, 0.00, 0.00, 0, '2022-10-08 08:06:22', '2022-10-08 08:06:22', NULL),
(441, 15, 26, 78, 0.00, 0.00, 0.00, 0.00, 0, '2022-10-08 08:06:22', '2022-10-08 08:06:22', NULL),
(442, 15, 26, 79, 0.00, 0.00, 0.00, 0.00, 0, '2022-10-08 08:06:22', '2022-10-08 08:06:22', NULL),
(443, 15, 26, 80, 0.00, 0.00, 0.00, 0.00, 0, '2022-10-08 08:06:22', '2022-10-08 08:06:22', NULL),
(444, 15, 26, 81, 0.00, 0.00, 0.00, 0.00, 0, '2022-10-08 08:06:22', '2022-10-08 08:06:22', NULL),
(445, 15, 27, 58, 0.00, 0.00, 0.00, 0.00, 0, '2022-10-08 08:07:10', '2022-10-08 08:07:10', NULL),
(446, 15, 27, 59, 0.00, 0.00, 0.00, 0.00, 0, '2022-10-08 08:07:10', '2022-10-08 08:07:10', NULL),
(447, 15, 27, 60, 0.00, 0.00, 0.00, 0.00, 0, '2022-10-08 08:07:10', '2022-10-08 08:07:10', NULL),
(448, 15, 27, 61, 0.00, 0.00, 0.00, 0.00, 0, '2022-10-08 08:07:10', '2022-10-08 08:07:10', NULL),
(449, 15, 27, 62, 0.00, 0.00, 0.00, 0.00, 0, '2022-10-08 08:07:10', '2022-10-08 08:07:10', NULL),
(450, 15, 27, 63, 0.00, 0.00, 0.00, 0.00, 0, '2022-10-08 08:07:10', '2022-10-08 08:07:10', NULL),
(451, 15, 27, 64, 0.00, 0.00, 0.00, 0.00, 0, '2022-10-08 08:07:10', '2022-10-08 08:07:10', NULL),
(452, 15, 27, 65, 0.00, 0.00, 0.00, 0.00, 0, '2022-10-08 08:07:10', '2022-10-08 08:07:10', NULL),
(453, 15, 27, 66, 0.00, 0.00, 0.00, 0.00, 0, '2022-10-08 08:07:10', '2022-10-08 08:07:10', NULL),
(454, 15, 27, 67, 0.00, 0.00, 0.00, 0.00, 0, '2022-10-08 08:07:10', '2022-10-08 08:07:10', NULL),
(455, 15, 27, 68, 0.00, 0.00, 0.00, 0.00, 0, '2022-10-08 08:07:10', '2022-10-08 08:07:10', NULL),
(456, 15, 27, 69, 0.00, 0.00, 0.00, 0.00, 0, '2022-10-08 08:07:10', '2022-10-08 08:07:10', NULL),
(457, 15, 27, 70, 0.00, 0.00, 0.00, 0.00, 0, '2022-10-08 08:07:10', '2022-10-08 08:07:10', NULL),
(458, 15, 27, 71, 0.00, 0.00, 0.00, 0.00, 0, '2022-10-08 08:07:10', '2022-10-08 08:07:10', NULL),
(459, 15, 27, 72, 0.00, 0.00, 0.00, 0.00, 0, '2022-10-08 08:07:10', '2022-10-08 08:07:10', NULL),
(460, 15, 27, 73, 0.00, 0.00, 0.00, 0.00, 0, '2022-10-08 08:07:10', '2022-10-08 08:07:10', NULL),
(461, 15, 27, 74, 0.00, 0.00, 0.00, 0.00, 0, '2022-10-08 08:07:10', '2022-10-08 08:07:10', NULL),
(462, 15, 27, 75, 0.00, 0.00, 0.00, 0.00, 0, '2022-10-08 08:07:10', '2022-10-08 08:07:10', NULL),
(463, 15, 27, 76, 0.00, 0.00, 0.00, 0.00, 0, '2022-10-08 08:07:10', '2022-10-08 08:07:10', NULL),
(464, 15, 27, 77, 0.00, 0.00, 0.00, 0.00, 0, '2022-10-08 08:07:10', '2022-10-08 08:07:10', NULL),
(465, 15, 27, 78, 0.00, 0.00, 0.00, 0.00, 0, '2022-10-08 08:07:10', '2022-10-08 08:07:10', NULL),
(466, 15, 27, 79, 0.00, 0.00, 0.00, 0.00, 0, '2022-10-08 08:07:10', '2022-10-08 08:07:10', NULL),
(467, 15, 27, 80, 0.00, 0.00, 0.00, 0.00, 0, '2022-10-08 08:07:10', '2022-10-08 08:07:10', NULL),
(468, 15, 27, 81, 0.00, 0.00, 0.00, 0.00, 0, '2022-10-08 08:07:10', '2022-10-08 08:07:10', NULL),
(469, 15, 28, 58, 0.00, 0.00, 0.00, 0.00, 0, '2022-10-08 08:07:25', '2022-10-08 08:07:25', NULL),
(470, 15, 28, 59, 0.00, 0.00, 0.00, 0.00, 0, '2022-10-08 08:07:25', '2022-10-08 08:07:25', NULL),
(471, 15, 28, 60, 0.00, 0.00, 0.00, 0.00, 0, '2022-10-08 08:07:25', '2022-10-08 08:07:25', NULL),
(472, 15, 28, 61, 0.00, 0.00, 0.00, 0.00, 0, '2022-10-08 08:07:25', '2022-10-08 08:07:25', NULL),
(473, 15, 28, 62, 0.00, 0.00, 0.00, 0.00, 0, '2022-10-08 08:07:25', '2022-10-08 08:07:25', NULL),
(474, 15, 28, 63, 0.00, 0.00, 0.00, 0.00, 0, '2022-10-08 08:07:25', '2022-10-08 08:07:25', NULL),
(475, 15, 28, 64, 0.00, 0.00, 0.00, 0.00, 0, '2022-10-08 08:07:25', '2022-10-08 08:07:25', NULL),
(476, 15, 28, 65, 0.00, 0.00, 0.00, 0.00, 0, '2022-10-08 08:07:25', '2022-10-08 08:07:25', NULL),
(477, 15, 28, 66, 0.00, 0.00, 0.00, 0.00, 0, '2022-10-08 08:07:25', '2022-10-08 08:07:25', NULL),
(478, 15, 28, 67, 0.00, 0.00, 0.00, 0.00, 0, '2022-10-08 08:07:25', '2022-10-08 08:07:25', NULL),
(479, 15, 28, 68, 0.00, 0.00, 0.00, 0.00, 0, '2022-10-08 08:07:25', '2022-10-08 08:07:25', NULL),
(480, 15, 28, 69, 0.00, 0.00, 0.00, 0.00, 0, '2022-10-08 08:07:25', '2022-10-08 08:07:25', NULL),
(481, 15, 28, 70, 0.00, 0.00, 0.00, 0.00, 0, '2022-10-08 08:07:25', '2022-10-08 08:07:25', NULL),
(482, 15, 28, 71, 0.00, 0.00, 0.00, 0.00, 0, '2022-10-08 08:07:25', '2022-10-08 08:07:25', NULL),
(483, 15, 28, 72, 0.00, 0.00, 0.00, 0.00, 0, '2022-10-08 08:07:25', '2022-10-08 08:07:25', NULL),
(484, 15, 28, 73, 0.00, 0.00, 0.00, 0.00, 0, '2022-10-08 08:07:25', '2022-10-08 08:07:25', NULL),
(485, 15, 28, 74, 0.00, 0.00, 0.00, 0.00, 0, '2022-10-08 08:07:25', '2022-10-08 08:07:25', NULL),
(486, 15, 28, 75, 0.00, 0.00, 0.00, 0.00, 0, '2022-10-08 08:07:25', '2022-10-08 08:07:25', NULL),
(487, 15, 28, 76, 0.00, 0.00, 0.00, 0.00, 0, '2022-10-08 08:07:25', '2022-10-08 08:07:25', NULL),
(488, 15, 28, 77, 0.00, 0.00, 0.00, 0.00, 0, '2022-10-08 08:07:25', '2022-10-08 08:07:25', NULL),
(489, 15, 28, 78, 0.00, 0.00, 0.00, 0.00, 0, '2022-10-08 08:07:25', '2022-10-08 08:07:25', NULL),
(490, 15, 28, 79, 0.00, 0.00, 0.00, 0.00, 0, '2022-10-08 08:07:25', '2022-10-08 08:07:25', NULL),
(491, 15, 28, 80, 0.00, 0.00, 0.00, 0.00, 0, '2022-10-08 08:07:25', '2022-10-08 08:07:25', NULL),
(492, 15, 28, 81, 0.00, 0.00, 0.00, 0.00, 0, '2022-10-08 08:07:25', '2022-10-08 08:07:25', NULL),
(493, 15, 29, 58, 0.00, 0.00, 0.00, 0.00, 0, '2022-10-08 08:07:44', '2022-10-08 08:07:44', NULL),
(494, 15, 29, 59, 0.00, 0.00, 0.00, 0.00, 0, '2022-10-08 08:07:44', '2022-10-08 08:07:44', NULL),
(495, 15, 29, 60, 0.00, 0.00, 0.00, 0.00, 0, '2022-10-08 08:07:44', '2022-10-08 08:07:44', NULL),
(496, 15, 29, 61, 0.00, 0.00, 0.00, 0.00, 0, '2022-10-08 08:07:44', '2022-10-08 08:07:44', NULL),
(497, 15, 29, 62, 0.00, 0.00, 0.00, 0.00, 0, '2022-10-08 08:07:44', '2022-10-08 08:07:44', NULL),
(498, 15, 29, 63, 0.00, 0.00, 0.00, 0.00, 0, '2022-10-08 08:07:44', '2022-10-08 08:07:44', NULL),
(499, 15, 29, 64, 0.00, 0.00, 0.00, 0.00, 0, '2022-10-08 08:07:44', '2022-10-08 08:07:44', NULL),
(500, 15, 29, 65, 0.00, 0.00, 0.00, 0.00, 0, '2022-10-08 08:07:44', '2022-10-08 08:07:44', NULL),
(501, 15, 29, 66, 0.00, 0.00, 0.00, 0.00, 0, '2022-10-08 08:07:44', '2022-10-08 08:07:44', NULL),
(502, 15, 29, 67, 0.00, 0.00, 0.00, 0.00, 0, '2022-10-08 08:07:44', '2022-10-08 08:07:44', NULL),
(503, 15, 29, 68, 0.00, 0.00, 0.00, 0.00, 0, '2022-10-08 08:07:44', '2022-10-08 08:07:44', NULL),
(504, 15, 29, 69, 0.00, 0.00, 0.00, 0.00, 0, '2022-10-08 08:07:44', '2022-10-08 08:07:44', NULL),
(505, 15, 29, 70, 0.00, 0.00, 0.00, 0.00, 0, '2022-10-08 08:07:44', '2022-10-08 08:07:44', NULL),
(506, 15, 29, 71, 0.00, 0.00, 0.00, 0.00, 0, '2022-10-08 08:07:44', '2022-10-08 08:07:44', NULL),
(507, 15, 29, 72, 0.00, 0.00, 0.00, 0.00, 0, '2022-10-08 08:07:44', '2022-10-08 08:07:44', NULL),
(508, 15, 29, 73, 0.00, 0.00, 0.00, 0.00, 0, '2022-10-08 08:07:44', '2022-10-08 08:07:44', NULL),
(509, 15, 29, 74, 0.00, 0.00, 0.00, 0.00, 0, '2022-10-08 08:07:44', '2022-10-08 08:07:44', NULL),
(510, 15, 29, 75, 0.00, 0.00, 0.00, 0.00, 0, '2022-10-08 08:07:44', '2022-10-08 08:07:44', NULL),
(511, 15, 29, 76, 0.00, 0.00, 0.00, 0.00, 0, '2022-10-08 08:07:44', '2022-10-08 08:07:44', NULL),
(512, 15, 29, 77, 0.00, 0.00, 0.00, 0.00, 0, '2022-10-08 08:07:44', '2022-10-08 08:07:44', NULL),
(513, 15, 29, 78, 0.00, 0.00, 0.00, 0.00, 0, '2022-10-08 08:07:44', '2022-10-08 08:07:44', NULL),
(514, 15, 29, 79, 0.00, 0.00, 0.00, 0.00, 0, '2022-10-08 08:07:44', '2022-10-08 08:07:44', NULL),
(515, 15, 29, 80, 0.00, 0.00, 0.00, 0.00, 0, '2022-10-08 08:07:44', '2022-10-08 08:07:44', NULL),
(516, 15, 29, 81, 0.00, 0.00, 0.00, 0.00, 0, '2022-10-08 08:07:44', '2022-10-08 08:07:44', NULL),
(517, 15, 30, 58, 0.00, 0.00, 0.00, 0.00, 0, '2022-10-08 08:07:58', '2022-10-08 08:07:58', NULL),
(518, 15, 30, 59, 0.00, 0.00, 0.00, 0.00, 0, '2022-10-08 08:07:58', '2022-10-08 08:07:58', NULL),
(519, 15, 30, 60, 0.00, 0.00, 0.00, 0.00, 0, '2022-10-08 08:07:58', '2022-10-08 08:07:58', NULL),
(520, 15, 30, 61, 0.00, 0.00, 0.00, 0.00, 0, '2022-10-08 08:07:58', '2022-10-08 08:07:58', NULL);
INSERT INTO `trans_courses` (`id`, `class_id`, `course_id`, `student_id`, `mid_score`, `quiz_score`, `assesment_score`, `final_score`, `total_score`, `created_at`, `updated_at`, `deleted_at`) VALUES
(521, 15, 30, 62, 0.00, 0.00, 0.00, 0.00, 0, '2022-10-08 08:07:58', '2022-10-08 08:07:58', NULL),
(522, 15, 30, 63, 0.00, 0.00, 0.00, 0.00, 0, '2022-10-08 08:07:58', '2022-10-08 08:07:58', NULL),
(523, 15, 30, 64, 0.00, 0.00, 0.00, 0.00, 0, '2022-10-08 08:07:58', '2022-10-08 08:07:58', NULL),
(524, 15, 30, 65, 0.00, 0.00, 0.00, 0.00, 0, '2022-10-08 08:07:58', '2022-10-08 08:07:58', NULL),
(525, 15, 30, 66, 0.00, 0.00, 0.00, 0.00, 0, '2022-10-08 08:07:58', '2022-10-08 08:07:58', NULL),
(526, 15, 30, 67, 0.00, 0.00, 0.00, 0.00, 0, '2022-10-08 08:07:58', '2022-10-08 08:07:58', NULL),
(527, 15, 30, 68, 0.00, 0.00, 0.00, 0.00, 0, '2022-10-08 08:07:58', '2022-10-08 08:07:58', NULL),
(528, 15, 30, 69, 0.00, 0.00, 0.00, 0.00, 0, '2022-10-08 08:07:58', '2022-10-08 08:07:58', NULL),
(529, 15, 30, 70, 0.00, 0.00, 0.00, 0.00, 0, '2022-10-08 08:07:58', '2022-10-08 08:07:58', NULL),
(530, 15, 30, 71, 0.00, 0.00, 0.00, 0.00, 0, '2022-10-08 08:07:58', '2022-10-08 08:07:58', NULL),
(531, 15, 30, 72, 0.00, 0.00, 0.00, 0.00, 0, '2022-10-08 08:07:58', '2022-10-08 08:07:58', NULL),
(532, 15, 30, 73, 0.00, 0.00, 0.00, 0.00, 0, '2022-10-08 08:07:58', '2022-10-08 08:07:58', NULL),
(533, 15, 30, 74, 0.00, 0.00, 0.00, 0.00, 0, '2022-10-08 08:07:58', '2022-10-08 08:07:58', NULL),
(534, 15, 30, 75, 0.00, 0.00, 0.00, 0.00, 0, '2022-10-08 08:07:58', '2022-10-08 08:07:58', NULL),
(535, 15, 30, 76, 0.00, 0.00, 0.00, 0.00, 0, '2022-10-08 08:07:58', '2022-10-08 08:07:58', NULL),
(536, 15, 30, 77, 0.00, 0.00, 0.00, 0.00, 0, '2022-10-08 08:07:58', '2022-10-08 08:07:58', NULL),
(537, 15, 30, 78, 0.00, 0.00, 0.00, 0.00, 0, '2022-10-08 08:07:58', '2022-10-08 08:07:58', NULL),
(538, 15, 30, 79, 0.00, 0.00, 0.00, 0.00, 0, '2022-10-08 08:07:58', '2022-10-08 08:07:58', NULL),
(539, 15, 30, 80, 0.00, 0.00, 0.00, 0.00, 0, '2022-10-08 08:07:58', '2022-10-08 08:07:58', NULL),
(540, 15, 30, 81, 0.00, 0.00, 0.00, 0.00, 0, '2022-10-08 08:07:58', '2022-10-08 08:07:58', NULL),
(541, 15, 31, 58, 0.00, 0.00, 0.00, 0.00, 0, '2022-10-08 08:08:19', '2022-10-08 08:08:19', NULL),
(542, 15, 31, 59, 0.00, 0.00, 0.00, 0.00, 0, '2022-10-08 08:08:19', '2022-10-08 08:08:19', NULL),
(543, 15, 31, 60, 0.00, 0.00, 0.00, 0.00, 0, '2022-10-08 08:08:19', '2022-10-08 08:08:19', NULL),
(544, 15, 31, 61, 0.00, 0.00, 0.00, 0.00, 0, '2022-10-08 08:08:19', '2022-10-08 08:08:19', NULL),
(545, 15, 31, 62, 0.00, 0.00, 0.00, 0.00, 0, '2022-10-08 08:08:19', '2022-10-08 08:08:19', NULL),
(546, 15, 31, 63, 0.00, 0.00, 0.00, 0.00, 0, '2022-10-08 08:08:19', '2022-10-08 08:08:19', NULL),
(547, 15, 31, 64, 0.00, 0.00, 0.00, 0.00, 0, '2022-10-08 08:08:19', '2022-10-08 08:08:19', NULL),
(548, 15, 31, 65, 0.00, 0.00, 0.00, 0.00, 0, '2022-10-08 08:08:19', '2022-10-08 08:08:19', NULL),
(549, 15, 31, 66, 0.00, 0.00, 0.00, 0.00, 0, '2022-10-08 08:08:19', '2022-10-08 08:08:19', NULL),
(550, 15, 31, 67, 0.00, 0.00, 0.00, 0.00, 0, '2022-10-08 08:08:19', '2022-10-08 08:08:19', NULL),
(551, 15, 31, 68, 0.00, 0.00, 0.00, 0.00, 0, '2022-10-08 08:08:19', '2022-10-08 08:08:19', NULL),
(552, 15, 31, 69, 0.00, 0.00, 0.00, 0.00, 0, '2022-10-08 08:08:19', '2022-10-08 08:08:19', NULL),
(553, 15, 31, 70, 0.00, 0.00, 0.00, 0.00, 0, '2022-10-08 08:08:19', '2022-10-08 08:08:19', NULL),
(554, 15, 31, 71, 0.00, 0.00, 0.00, 0.00, 0, '2022-10-08 08:08:19', '2022-10-08 08:08:19', NULL),
(555, 15, 31, 72, 0.00, 0.00, 0.00, 0.00, 0, '2022-10-08 08:08:19', '2022-10-08 08:08:19', NULL),
(556, 15, 31, 73, 0.00, 0.00, 0.00, 0.00, 0, '2022-10-08 08:08:19', '2022-10-08 08:08:19', NULL),
(557, 15, 31, 74, 0.00, 0.00, 0.00, 0.00, 0, '2022-10-08 08:08:19', '2022-10-08 08:08:19', NULL),
(558, 15, 31, 75, 0.00, 0.00, 0.00, 0.00, 0, '2022-10-08 08:08:19', '2022-10-08 08:08:19', NULL),
(559, 15, 31, 76, 0.00, 0.00, 0.00, 0.00, 0, '2022-10-08 08:08:19', '2022-10-08 08:08:19', NULL),
(560, 15, 31, 77, 0.00, 0.00, 0.00, 0.00, 0, '2022-10-08 08:08:19', '2022-10-08 08:08:19', NULL),
(561, 15, 31, 78, 0.00, 0.00, 0.00, 0.00, 0, '2022-10-08 08:08:19', '2022-10-08 08:08:19', NULL),
(562, 15, 31, 79, 0.00, 0.00, 0.00, 0.00, 0, '2022-10-08 08:08:19', '2022-10-08 08:08:19', NULL),
(563, 15, 31, 80, 0.00, 0.00, 0.00, 0.00, 0, '2022-10-08 08:08:19', '2022-10-08 08:08:19', NULL),
(564, 15, 31, 81, 0.00, 0.00, 0.00, 0.00, 0, '2022-10-08 08:08:19', '2022-10-08 08:08:19', NULL),
(565, 15, 32, 58, 0.00, 0.00, 0.00, 0.00, 0, '2022-10-08 08:08:39', '2022-10-08 08:08:39', NULL),
(566, 15, 32, 59, 0.00, 0.00, 0.00, 0.00, 0, '2022-10-08 08:08:39', '2022-10-08 08:08:39', NULL),
(567, 15, 32, 60, 0.00, 0.00, 0.00, 0.00, 0, '2022-10-08 08:08:39', '2022-10-08 08:08:39', NULL),
(568, 15, 32, 61, 0.00, 0.00, 0.00, 0.00, 0, '2022-10-08 08:08:39', '2022-10-08 08:08:39', NULL),
(569, 15, 32, 62, 0.00, 0.00, 0.00, 0.00, 0, '2022-10-08 08:08:39', '2022-10-08 08:08:39', NULL),
(570, 15, 32, 63, 0.00, 0.00, 0.00, 0.00, 0, '2022-10-08 08:08:39', '2022-10-08 08:08:39', NULL),
(571, 15, 32, 64, 0.00, 0.00, 0.00, 0.00, 0, '2022-10-08 08:08:39', '2022-10-08 08:08:39', NULL),
(572, 15, 32, 65, 0.00, 0.00, 0.00, 0.00, 0, '2022-10-08 08:08:39', '2022-10-08 08:08:39', NULL),
(573, 15, 32, 66, 0.00, 0.00, 0.00, 0.00, 0, '2022-10-08 08:08:39', '2022-10-08 08:08:39', NULL),
(574, 15, 32, 67, 0.00, 0.00, 0.00, 0.00, 0, '2022-10-08 08:08:39', '2022-10-08 08:08:39', NULL),
(575, 15, 32, 68, 0.00, 0.00, 0.00, 0.00, 0, '2022-10-08 08:08:39', '2022-10-08 08:08:39', NULL),
(576, 15, 32, 69, 0.00, 0.00, 0.00, 0.00, 0, '2022-10-08 08:08:39', '2022-10-08 08:08:39', NULL),
(577, 15, 32, 70, 0.00, 0.00, 0.00, 0.00, 0, '2022-10-08 08:08:39', '2022-10-08 08:08:39', NULL),
(578, 15, 32, 71, 0.00, 0.00, 0.00, 0.00, 0, '2022-10-08 08:08:39', '2022-10-08 08:08:39', NULL),
(579, 15, 32, 72, 0.00, 0.00, 0.00, 0.00, 0, '2022-10-08 08:08:39', '2022-10-08 08:08:39', NULL),
(580, 15, 32, 73, 0.00, 0.00, 0.00, 0.00, 0, '2022-10-08 08:08:39', '2022-10-08 08:08:39', NULL),
(581, 15, 32, 74, 0.00, 0.00, 0.00, 0.00, 0, '2022-10-08 08:08:39', '2022-10-08 08:08:39', NULL),
(582, 15, 32, 75, 0.00, 0.00, 0.00, 0.00, 0, '2022-10-08 08:08:39', '2022-10-08 08:08:39', NULL),
(583, 15, 32, 76, 0.00, 0.00, 0.00, 0.00, 0, '2022-10-08 08:08:39', '2022-10-08 08:08:39', NULL),
(584, 15, 32, 77, 0.00, 0.00, 0.00, 0.00, 0, '2022-10-08 08:08:39', '2022-10-08 08:08:39', NULL),
(585, 15, 32, 78, 0.00, 0.00, 0.00, 0.00, 0, '2022-10-08 08:08:39', '2022-10-08 08:08:39', NULL),
(586, 15, 32, 79, 0.00, 0.00, 0.00, 0.00, 0, '2022-10-08 08:08:39', '2022-10-08 08:08:39', NULL),
(587, 15, 32, 80, 0.00, 0.00, 0.00, 0.00, 0, '2022-10-08 08:08:39', '2022-10-08 08:08:39', NULL),
(588, 15, 32, 81, 0.00, 0.00, 0.00, 0.00, 0, '2022-10-08 08:08:39', '2022-10-08 08:08:39', NULL),
(589, 15, 33, 58, 0.00, 0.00, 0.00, 0.00, 0, '2022-10-08 08:08:55', '2022-10-08 08:08:55', NULL),
(590, 15, 33, 59, 0.00, 0.00, 0.00, 0.00, 0, '2022-10-08 08:08:55', '2022-10-08 08:08:55', NULL),
(591, 15, 33, 60, 0.00, 0.00, 0.00, 0.00, 0, '2022-10-08 08:08:55', '2022-10-08 08:08:55', NULL),
(592, 15, 33, 61, 0.00, 0.00, 0.00, 0.00, 0, '2022-10-08 08:08:55', '2022-10-08 08:08:55', NULL),
(593, 15, 33, 62, 0.00, 0.00, 0.00, 0.00, 0, '2022-10-08 08:08:55', '2022-10-08 08:08:55', NULL),
(594, 15, 33, 63, 0.00, 0.00, 0.00, 0.00, 0, '2022-10-08 08:08:55', '2022-10-08 08:08:55', NULL),
(595, 15, 33, 64, 0.00, 0.00, 0.00, 0.00, 0, '2022-10-08 08:08:55', '2022-10-08 08:08:55', NULL),
(596, 15, 33, 65, 0.00, 0.00, 0.00, 0.00, 0, '2022-10-08 08:08:55', '2022-10-08 08:08:55', NULL),
(597, 15, 33, 66, 0.00, 0.00, 0.00, 0.00, 0, '2022-10-08 08:08:55', '2022-10-08 08:08:55', NULL),
(598, 15, 33, 67, 0.00, 0.00, 0.00, 0.00, 0, '2022-10-08 08:08:55', '2022-10-08 08:08:55', NULL),
(599, 15, 33, 68, 0.00, 0.00, 0.00, 0.00, 0, '2022-10-08 08:08:55', '2022-10-08 08:08:55', NULL),
(600, 15, 33, 69, 0.00, 0.00, 0.00, 0.00, 0, '2022-10-08 08:08:55', '2022-10-08 08:08:55', NULL),
(601, 15, 33, 70, 0.00, 0.00, 0.00, 0.00, 0, '2022-10-08 08:08:55', '2022-10-08 08:08:55', NULL),
(602, 15, 33, 71, 0.00, 0.00, 0.00, 0.00, 0, '2022-10-08 08:08:55', '2022-10-08 08:08:55', NULL),
(603, 15, 33, 72, 0.00, 0.00, 0.00, 0.00, 0, '2022-10-08 08:08:55', '2022-10-08 08:08:55', NULL),
(604, 15, 33, 73, 0.00, 0.00, 0.00, 0.00, 0, '2022-10-08 08:08:55', '2022-10-08 08:08:55', NULL),
(605, 15, 33, 74, 0.00, 0.00, 0.00, 0.00, 0, '2022-10-08 08:08:55', '2022-10-08 08:08:55', NULL),
(606, 15, 33, 75, 0.00, 0.00, 0.00, 0.00, 0, '2022-10-08 08:08:55', '2022-10-08 08:08:55', NULL),
(607, 15, 33, 76, 0.00, 0.00, 0.00, 0.00, 0, '2022-10-08 08:08:55', '2022-10-08 08:08:55', NULL),
(608, 15, 33, 77, 0.00, 0.00, 0.00, 0.00, 0, '2022-10-08 08:08:55', '2022-10-08 08:08:55', NULL),
(609, 15, 33, 78, 0.00, 0.00, 0.00, 0.00, 0, '2022-10-08 08:08:55', '2022-10-08 08:08:55', NULL),
(610, 15, 33, 79, 0.00, 0.00, 0.00, 0.00, 0, '2022-10-08 08:08:55', '2022-10-08 08:08:55', NULL),
(611, 15, 33, 80, 0.00, 0.00, 0.00, 0.00, 0, '2022-10-08 08:08:55', '2022-10-08 08:08:55', NULL),
(612, 15, 33, 81, 0.00, 0.00, 0.00, 0.00, 0, '2022-10-08 08:08:55', '2022-10-08 08:08:55', NULL),
(613, 15, 34, 58, 0.00, 0.00, 0.00, 0.00, 0, '2022-10-08 08:09:09', '2022-10-08 08:09:09', NULL),
(614, 15, 34, 59, 0.00, 0.00, 0.00, 0.00, 0, '2022-10-08 08:09:09', '2022-10-08 08:09:09', NULL),
(615, 15, 34, 60, 0.00, 0.00, 0.00, 0.00, 0, '2022-10-08 08:09:09', '2022-10-08 08:09:09', NULL),
(616, 15, 34, 61, 0.00, 0.00, 0.00, 0.00, 0, '2022-10-08 08:09:09', '2022-10-08 08:09:09', NULL),
(617, 15, 34, 62, 0.00, 0.00, 0.00, 0.00, 0, '2022-10-08 08:09:09', '2022-10-08 08:09:09', NULL),
(618, 15, 34, 63, 0.00, 0.00, 0.00, 0.00, 0, '2022-10-08 08:09:09', '2022-10-08 08:09:09', NULL),
(619, 15, 34, 64, 0.00, 0.00, 0.00, 0.00, 0, '2022-10-08 08:09:09', '2022-10-08 08:09:09', NULL),
(620, 15, 34, 65, 0.00, 0.00, 0.00, 0.00, 0, '2022-10-08 08:09:09', '2022-10-08 08:09:09', NULL),
(621, 15, 34, 66, 0.00, 0.00, 0.00, 0.00, 0, '2022-10-08 08:09:09', '2022-10-08 08:09:09', NULL),
(622, 15, 34, 67, 0.00, 0.00, 0.00, 0.00, 0, '2022-10-08 08:09:09', '2022-10-08 08:09:09', NULL),
(623, 15, 34, 68, 0.00, 0.00, 0.00, 0.00, 0, '2022-10-08 08:09:09', '2022-10-08 08:09:09', NULL),
(624, 15, 34, 69, 0.00, 0.00, 0.00, 0.00, 0, '2022-10-08 08:09:09', '2022-10-08 08:09:09', NULL),
(625, 15, 34, 70, 0.00, 0.00, 0.00, 0.00, 0, '2022-10-08 08:09:09', '2022-10-08 08:09:09', NULL),
(626, 15, 34, 71, 0.00, 0.00, 0.00, 0.00, 0, '2022-10-08 08:09:09', '2022-10-08 08:09:09', NULL),
(627, 15, 34, 72, 0.00, 0.00, 0.00, 0.00, 0, '2022-10-08 08:09:09', '2022-10-08 08:09:09', NULL),
(628, 15, 34, 73, 0.00, 0.00, 0.00, 0.00, 0, '2022-10-08 08:09:09', '2022-10-08 08:09:09', NULL),
(629, 15, 34, 74, 0.00, 0.00, 0.00, 0.00, 0, '2022-10-08 08:09:09', '2022-10-08 08:09:09', NULL),
(630, 15, 34, 75, 0.00, 0.00, 0.00, 0.00, 0, '2022-10-08 08:09:09', '2022-10-08 08:09:09', NULL),
(631, 15, 34, 76, 0.00, 0.00, 0.00, 0.00, 0, '2022-10-08 08:09:09', '2022-10-08 08:09:09', NULL),
(632, 15, 34, 77, 0.00, 0.00, 0.00, 0.00, 0, '2022-10-08 08:09:09', '2022-10-08 08:09:09', NULL),
(633, 15, 34, 78, 0.00, 0.00, 0.00, 0.00, 0, '2022-10-08 08:09:09', '2022-10-08 08:09:09', NULL),
(634, 15, 34, 79, 0.00, 0.00, 0.00, 0.00, 0, '2022-10-08 08:09:09', '2022-10-08 08:09:09', NULL),
(635, 15, 34, 80, 0.00, 0.00, 0.00, 0.00, 0, '2022-10-08 08:09:09', '2022-10-08 08:09:09', NULL),
(636, 15, 34, 81, 0.00, 0.00, 0.00, 0.00, 0, '2022-10-08 08:09:09', '2022-10-08 08:09:09', NULL),
(637, 16, 35, 82, 0.00, 0.00, 0.00, 0.00, 0, '2022-10-08 08:10:59', '2022-10-08 08:10:59', NULL),
(638, 16, 35, 83, 0.00, 0.00, 0.00, 0.00, 0, '2022-10-08 08:10:59', '2022-10-08 08:10:59', NULL),
(639, 16, 35, 84, 0.00, 0.00, 0.00, 0.00, 0, '2022-10-08 08:11:00', '2022-10-08 08:11:00', NULL),
(640, 16, 35, 85, 0.00, 0.00, 0.00, 0.00, 0, '2022-10-08 08:11:00', '2022-10-08 08:11:00', NULL),
(641, 16, 35, 86, 0.00, 0.00, 0.00, 0.00, 0, '2022-10-08 08:11:00', '2022-10-08 08:11:00', NULL),
(642, 16, 35, 87, 0.00, 0.00, 0.00, 0.00, 0, '2022-10-08 08:11:00', '2022-10-08 08:11:00', NULL),
(643, 16, 35, 88, 0.00, 0.00, 0.00, 0.00, 0, '2022-10-08 08:11:00', '2022-10-08 08:11:00', NULL),
(644, 16, 35, 89, 0.00, 0.00, 0.00, 0.00, 0, '2022-10-08 08:11:00', '2022-10-08 08:11:00', NULL),
(645, 16, 35, 90, 0.00, 0.00, 0.00, 0.00, 0, '2022-10-08 08:11:00', '2022-10-08 08:11:00', NULL),
(646, 16, 35, 91, 0.00, 0.00, 0.00, 0.00, 0, '2022-10-08 08:11:00', '2022-10-08 08:11:00', NULL),
(647, 16, 35, 93, 0.00, 0.00, 0.00, 0.00, 0, '2022-10-08 08:11:00', '2022-10-08 08:11:00', NULL),
(648, 16, 35, 94, 0.00, 0.00, 0.00, 0.00, 0, '2022-10-08 08:11:00', '2022-10-08 08:11:00', NULL),
(649, 16, 35, 95, 0.00, 0.00, 0.00, 0.00, 0, '2022-10-08 08:11:00', '2022-10-08 08:11:00', NULL),
(650, 16, 35, 97, 0.00, 0.00, 0.00, 0.00, 0, '2022-10-08 08:11:00', '2022-10-08 08:11:00', NULL),
(651, 16, 35, 98, 0.00, 0.00, 0.00, 0.00, 0, '2022-10-08 08:11:00', '2022-10-08 08:11:00', NULL),
(652, 16, 35, 99, 0.00, 0.00, 0.00, 0.00, 0, '2022-10-08 08:11:00', '2022-10-08 08:11:00', NULL),
(653, 16, 35, 100, 0.00, 0.00, 0.00, 0.00, 0, '2022-10-08 08:11:00', '2022-10-08 08:11:00', NULL),
(654, 16, 36, 82, 0.00, 0.00, 0.00, 0.00, 0, '2022-10-08 08:11:52', '2022-10-08 08:11:52', NULL),
(655, 16, 36, 83, 0.00, 0.00, 0.00, 0.00, 0, '2022-10-08 08:11:52', '2022-10-08 08:11:52', NULL),
(656, 16, 36, 84, 0.00, 0.00, 0.00, 0.00, 0, '2022-10-08 08:11:52', '2022-10-08 08:11:52', NULL),
(657, 16, 36, 85, 0.00, 0.00, 0.00, 0.00, 0, '2022-10-08 08:11:52', '2022-10-08 08:11:52', NULL),
(658, 16, 36, 86, 0.00, 0.00, 0.00, 0.00, 0, '2022-10-08 08:11:52', '2022-10-08 08:11:52', NULL),
(659, 16, 36, 87, 0.00, 0.00, 0.00, 0.00, 0, '2022-10-08 08:11:52', '2022-10-08 08:11:52', NULL),
(660, 16, 36, 88, 0.00, 0.00, 0.00, 0.00, 0, '2022-10-08 08:11:52', '2022-10-08 08:11:52', NULL),
(661, 16, 36, 89, 0.00, 0.00, 0.00, 0.00, 0, '2022-10-08 08:11:52', '2022-10-08 08:11:52', NULL),
(662, 16, 36, 90, 0.00, 0.00, 0.00, 0.00, 0, '2022-10-08 08:11:52', '2022-10-08 08:11:52', NULL),
(663, 16, 36, 91, 0.00, 0.00, 0.00, 0.00, 0, '2022-10-08 08:11:52', '2022-10-08 08:11:52', NULL),
(664, 16, 36, 93, 0.00, 0.00, 0.00, 0.00, 0, '2022-10-08 08:11:52', '2022-10-08 08:11:52', NULL),
(665, 16, 36, 94, 0.00, 0.00, 0.00, 0.00, 0, '2022-10-08 08:11:52', '2022-10-08 08:11:52', NULL),
(666, 16, 36, 95, 0.00, 0.00, 0.00, 0.00, 0, '2022-10-08 08:11:52', '2022-10-08 08:11:52', NULL),
(667, 16, 36, 97, 0.00, 0.00, 0.00, 0.00, 0, '2022-10-08 08:11:52', '2022-10-08 08:11:52', NULL),
(668, 16, 36, 98, 0.00, 0.00, 0.00, 0.00, 0, '2022-10-08 08:11:52', '2022-10-08 08:11:52', NULL),
(669, 16, 36, 99, 0.00, 0.00, 0.00, 0.00, 0, '2022-10-08 08:11:52', '2022-10-08 08:11:52', NULL),
(670, 16, 36, 100, 0.00, 0.00, 0.00, 0.00, 0, '2022-10-08 08:11:52', '2022-10-08 08:11:52', NULL),
(671, 16, 37, 82, 0.00, 0.00, 0.00, 0.00, 0, '2022-10-08 08:12:31', '2022-10-08 08:12:31', NULL),
(672, 16, 37, 83, 0.00, 0.00, 0.00, 0.00, 0, '2022-10-08 08:12:31', '2022-10-08 08:12:31', NULL),
(673, 16, 37, 84, 0.00, 0.00, 0.00, 0.00, 0, '2022-10-08 08:12:31', '2022-10-08 08:12:31', NULL),
(674, 16, 37, 85, 0.00, 0.00, 0.00, 0.00, 0, '2022-10-08 08:12:31', '2022-10-08 08:12:31', NULL),
(675, 16, 37, 86, 0.00, 0.00, 0.00, 0.00, 0, '2022-10-08 08:12:31', '2022-10-08 08:12:31', NULL),
(676, 16, 37, 87, 0.00, 0.00, 0.00, 0.00, 0, '2022-10-08 08:12:31', '2022-10-08 08:12:31', NULL),
(677, 16, 37, 88, 0.00, 0.00, 0.00, 0.00, 0, '2022-10-08 08:12:31', '2022-10-08 08:12:31', NULL),
(678, 16, 37, 89, 0.00, 0.00, 0.00, 0.00, 0, '2022-10-08 08:12:31', '2022-10-08 08:12:31', NULL),
(679, 16, 37, 90, 0.00, 0.00, 0.00, 0.00, 0, '2022-10-08 08:12:31', '2022-10-08 08:12:31', NULL),
(680, 16, 37, 91, 0.00, 0.00, 0.00, 0.00, 0, '2022-10-08 08:12:31', '2022-10-08 08:12:31', NULL),
(681, 16, 37, 93, 0.00, 0.00, 0.00, 0.00, 0, '2022-10-08 08:12:31', '2022-10-08 08:12:31', NULL),
(682, 16, 37, 94, 0.00, 0.00, 0.00, 0.00, 0, '2022-10-08 08:12:31', '2022-10-08 08:12:31', NULL),
(683, 16, 37, 95, 0.00, 0.00, 0.00, 0.00, 0, '2022-10-08 08:12:31', '2022-10-08 08:12:31', NULL),
(684, 16, 37, 97, 0.00, 0.00, 0.00, 0.00, 0, '2022-10-08 08:12:31', '2022-10-08 08:12:31', NULL),
(685, 16, 37, 98, 0.00, 0.00, 0.00, 0.00, 0, '2022-10-08 08:12:31', '2022-10-08 08:12:31', NULL),
(686, 16, 37, 99, 0.00, 0.00, 0.00, 0.00, 0, '2022-10-08 08:12:31', '2022-10-08 08:12:31', NULL),
(687, 16, 37, 100, 0.00, 0.00, 0.00, 0.00, 0, '2022-10-08 08:12:31', '2022-10-08 08:12:31', NULL),
(688, 20, 61, 177, 0.00, 0.00, 0.00, 0.00, 0, '2022-10-08 09:59:08', '2022-10-08 09:59:08', NULL),
(689, 20, 61, 178, 0.00, 0.00, 0.00, 0.00, 0, '2022-10-08 09:59:08', '2022-10-08 09:59:08', NULL),
(690, 20, 61, 179, 0.00, 0.00, 0.00, 0.00, 0, '2022-10-08 09:59:08', '2022-10-08 09:59:08', NULL),
(691, 20, 61, 180, 0.00, 0.00, 0.00, 0.00, 0, '2022-10-08 09:59:08', '2022-10-08 09:59:08', NULL),
(692, 20, 61, 181, 0.00, 0.00, 0.00, 0.00, 0, '2022-10-08 09:59:08', '2022-10-08 09:59:08', NULL),
(693, 20, 61, 182, 0.00, 0.00, 0.00, 0.00, 0, '2022-10-08 09:59:08', '2022-10-08 09:59:08', NULL),
(694, 20, 61, 183, 0.00, 0.00, 0.00, 0.00, 0, '2022-10-08 09:59:08', '2022-10-08 09:59:08', NULL),
(695, 20, 61, 184, 0.00, 0.00, 0.00, 0.00, 0, '2022-10-08 09:59:08', '2022-10-08 09:59:08', NULL),
(696, 20, 61, 185, 0.00, 0.00, 0.00, 0.00, 0, '2022-10-08 09:59:08', '2022-10-08 09:59:08', NULL),
(697, 20, 61, 186, 0.00, 0.00, 0.00, 0.00, 0, '2022-10-08 09:59:08', '2022-10-08 09:59:08', NULL),
(698, 20, 61, 187, 0.00, 0.00, 0.00, 0.00, 0, '2022-10-08 09:59:08', '2022-10-08 09:59:08', NULL),
(699, 20, 61, 188, 0.00, 0.00, 0.00, 0.00, 0, '2022-10-08 09:59:08', '2022-10-08 09:59:08', NULL),
(700, 20, 61, 189, 0.00, 0.00, 0.00, 0.00, 0, '2022-10-08 09:59:08', '2022-10-08 09:59:08', NULL),
(701, 20, 61, 190, 0.00, 0.00, 0.00, 0.00, 0, '2022-10-08 09:59:08', '2022-10-08 09:59:08', NULL),
(702, 20, 61, 191, 0.00, 0.00, 0.00, 0.00, 0, '2022-10-08 09:59:08', '2022-10-08 09:59:08', NULL),
(703, 20, 61, 192, 0.00, 0.00, 0.00, 0.00, 0, '2022-10-08 09:59:08', '2022-10-08 09:59:08', NULL),
(704, 17, 49, 101, 0.00, 0.00, 0.00, 0.00, 0, '2022-10-09 09:49:09', '2022-10-09 09:49:09', NULL),
(705, 17, 49, 102, 0.00, 0.00, 0.00, 0.00, 0, '2022-10-09 09:49:09', '2022-10-09 09:49:09', NULL),
(706, 17, 49, 103, 0.00, 0.00, 0.00, 0.00, 0, '2022-10-09 09:49:09', '2022-10-09 09:49:09', NULL),
(707, 17, 49, 104, 0.00, 0.00, 0.00, 0.00, 0, '2022-10-09 09:49:09', '2022-10-09 09:49:09', NULL),
(708, 17, 49, 105, 0.00, 0.00, 0.00, 0.00, 0, '2022-10-09 09:49:09', '2022-10-09 09:49:09', NULL),
(709, 17, 49, 106, 0.00, 0.00, 0.00, 0.00, 0, '2022-10-09 09:49:09', '2022-10-09 09:49:09', NULL),
(710, 17, 49, 107, 0.00, 0.00, 0.00, 0.00, 0, '2022-10-09 09:49:09', '2022-10-09 09:49:09', NULL),
(711, 17, 49, 108, 0.00, 0.00, 0.00, 0.00, 0, '2022-10-09 09:49:09', '2022-10-09 09:49:09', NULL),
(712, 17, 49, 109, 0.00, 0.00, 0.00, 0.00, 0, '2022-10-09 09:49:09', '2022-10-09 09:49:09', NULL),
(713, 17, 49, 110, 0.00, 0.00, 0.00, 0.00, 0, '2022-10-09 09:49:09', '2022-10-09 09:49:09', NULL),
(714, 17, 49, 111, 0.00, 0.00, 0.00, 0.00, 0, '2022-10-09 09:49:09', '2022-10-09 09:49:09', NULL),
(715, 17, 49, 112, 0.00, 0.00, 0.00, 0.00, 0, '2022-10-09 09:49:09', '2022-10-09 09:49:09', NULL),
(716, 17, 49, 113, 0.00, 0.00, 0.00, 0.00, 0, '2022-10-09 09:49:09', '2022-10-09 09:49:09', NULL),
(717, 17, 49, 114, 0.00, 0.00, 0.00, 0.00, 0, '2022-10-09 09:49:09', '2022-10-09 09:49:09', NULL),
(718, 17, 49, 115, 0.00, 0.00, 0.00, 0.00, 0, '2022-10-09 09:49:09', '2022-10-09 09:49:09', NULL),
(719, 17, 49, 116, 0.00, 0.00, 0.00, 0.00, 0, '2022-10-09 09:49:09', '2022-10-09 09:49:09', NULL),
(720, 17, 49, 117, 0.00, 0.00, 0.00, 0.00, 0, '2022-10-09 09:49:09', '2022-10-09 09:49:09', NULL),
(721, 17, 49, 120, 0.00, 0.00, 0.00, 0.00, 0, '2022-10-09 09:49:09', '2022-10-09 09:49:09', NULL),
(722, 17, 49, 121, 0.00, 0.00, 0.00, 0.00, 0, '2022-10-09 09:49:09', '2022-10-09 09:49:09', NULL),
(723, 17, 49, 122, 0.00, 0.00, 0.00, 0.00, 0, '2022-10-09 09:49:09', '2022-10-09 09:49:09', NULL),
(724, 17, 49, 123, 0.00, 0.00, 0.00, 0.00, 0, '2022-10-09 09:49:09', '2022-10-09 09:49:09', NULL),
(725, 17, 49, 124, 0.00, 0.00, 0.00, 0.00, 0, '2022-10-09 09:49:09', '2022-10-09 09:49:09', NULL),
(726, 17, 49, 125, 0.00, 0.00, 0.00, 0.00, 0, '2022-10-09 09:49:09', '2022-10-09 09:49:09', NULL),
(727, 16, 41, 82, 0.00, 0.00, 0.00, 0.00, 0, '2022-11-15 12:42:54', '2022-11-15 12:42:54', NULL),
(728, 16, 41, 83, 0.00, 0.00, 0.00, 0.00, 0, '2022-11-15 12:42:54', '2022-11-15 12:42:54', NULL),
(729, 16, 41, 84, 0.00, 0.00, 0.00, 0.00, 0, '2022-11-15 12:42:54', '2022-11-15 12:42:54', NULL),
(730, 16, 41, 85, 0.00, 0.00, 0.00, 0.00, 0, '2022-11-15 12:42:54', '2022-11-15 12:42:54', NULL),
(731, 16, 41, 86, 0.00, 0.00, 0.00, 0.00, 0, '2022-11-15 12:42:54', '2022-11-15 12:42:54', NULL),
(732, 16, 41, 87, 0.00, 0.00, 0.00, 0.00, 0, '2022-11-15 12:42:54', '2022-11-15 12:42:54', NULL),
(733, 16, 41, 88, 0.00, 0.00, 0.00, 0.00, 0, '2022-11-15 12:42:54', '2022-11-15 12:42:54', NULL),
(734, 16, 41, 89, 0.00, 0.00, 0.00, 0.00, 0, '2022-11-15 12:42:54', '2022-11-15 12:42:54', NULL),
(735, 16, 41, 90, 0.00, 0.00, 0.00, 0.00, 0, '2022-11-15 12:42:54', '2022-11-15 12:42:54', NULL),
(736, 16, 41, 91, 0.00, 0.00, 0.00, 0.00, 0, '2022-11-15 12:42:54', '2022-11-15 12:42:54', NULL),
(737, 16, 41, 93, 0.00, 0.00, 0.00, 0.00, 0, '2022-11-15 12:42:54', '2022-11-15 12:42:54', NULL),
(738, 16, 41, 94, 0.00, 0.00, 0.00, 0.00, 0, '2022-11-15 12:42:54', '2022-11-15 12:42:54', NULL),
(739, 16, 41, 95, 0.00, 0.00, 0.00, 0.00, 0, '2022-11-15 12:42:54', '2022-11-15 12:42:54', NULL),
(740, 16, 41, 97, 0.00, 0.00, 0.00, 0.00, 0, '2022-11-15 12:42:54', '2022-11-15 12:42:54', NULL),
(741, 16, 41, 98, 0.00, 0.00, 0.00, 0.00, 0, '2022-11-15 12:42:54', '2022-11-15 12:42:54', NULL),
(742, 16, 41, 99, 0.00, 0.00, 0.00, 0.00, 0, '2022-11-15 12:42:54', '2022-11-15 12:42:54', NULL),
(743, 16, 41, 100, 0.00, 0.00, 0.00, 0.00, 0, '2022-11-15 12:42:54', '2022-11-15 12:42:54', NULL);

-- --------------------------------------------------------

--
-- Table structure for table `trans_presents`
--

CREATE TABLE `trans_presents` (
  `id` bigint(20) UNSIGNED NOT NULL,
  `trans_course_id` bigint(20) UNSIGNED NOT NULL,
  `status` tinyint(4) NOT NULL DEFAULT 0,
  `description` varchar(255) COLLATE utf8mb4_unicode_ci NOT NULL,
  `on` datetime NOT NULL,
  `created_at` timestamp NULL DEFAULT NULL,
  `updated_at` timestamp NULL DEFAULT NULL,
  `deleted_at` timestamp NULL DEFAULT NULL
) ENGINE=InnoDB DEFAULT CHARSET=utf8mb4 COLLATE=utf8mb4_unicode_ci;

--
-- Dumping data for table `trans_presents`
--

INSERT INTO `trans_presents` (`id`, `trans_course_id`, `status`, `description`, `on`, `created_at`, `updated_at`, `deleted_at`) VALUES
(1, 9, 1, 'hadir', '2022-10-11 00:00:00', '2022-09-05 12:50:35', '2022-09-05 13:04:59', NULL),
(2, 3, 1, 'hadir', '2022-10-11 00:00:00', '2022-09-05 13:00:14', '2022-09-05 13:05:00', NULL),
(3, 20, 2, 'sakit', '2022-10-11 00:00:00', '2022-09-05 13:00:14', '2022-09-05 13:00:14', NULL),
(4, 29, 1, 'hadir', '2022-09-05 00:00:00', '2022-09-05 13:50:30', '2022-09-05 14:06:56', NULL),
(5, 20, 1, 'hadir', '2022-09-05 00:00:00', '2022-09-05 23:14:45', '2022-09-05 23:14:45', NULL),
(6, 3, 2, 'sakit', '2022-09-05 00:00:00', '2022-09-05 23:14:46', '2022-09-05 23:14:46', NULL),
(7, 3, 1, 'hadir', '2022-08-14 00:00:00', '2022-09-08 13:16:36', '2022-09-08 13:16:36', NULL),
(8, 3, 1, 'hadir', '2022-08-14 00:00:00', '2022-09-08 13:17:06', '2022-09-08 13:17:06', NULL),
(9, 3, 1, 'hadir', '2022-09-05 00:00:00', '2022-09-08 13:47:24', '2022-09-08 13:47:24', NULL),
(10, 3, 1, 'hadir', '2022-09-05 00:00:00', '2022-09-08 13:48:36', '2022-09-08 13:48:36', NULL),
(11, 3, 1, 'hadir', '2022-09-05 00:00:00', '2022-09-08 13:53:33', '2022-09-08 13:53:33', NULL),
(12, 3, 1, 'hadir', '2022-09-05 00:00:00', '2022-09-08 13:54:18', '2022-09-08 13:54:18', NULL),
(13, 3, 0, 'tidak hadir', '2022-09-03 00:00:00', '2022-09-08 13:56:41', '2022-09-08 13:56:41', NULL),
(14, 13, 1, 'hadir', '2022-09-10 00:00:00', '2022-09-10 04:35:54', '2022-09-10 11:31:53', NULL),
(15, 14, 1, 'hadir', '2022-09-10 00:00:00', '2022-09-10 04:35:54', '2022-09-10 11:31:53', NULL),
(16, 15, 1, 'hadir', '2022-09-10 00:00:00', '2022-09-10 04:35:54', '2022-09-10 11:31:53', NULL),
(17, 30, 1, 'hadir', '2022-09-10 00:00:00', '2022-09-10 04:35:54', '2022-09-10 11:31:54', NULL),
(18, 26, 1, 'hadir', '2022-09-10 00:00:00', '2022-09-10 05:15:57', '2022-09-10 05:46:03', NULL),
(19, 27, 2, 'sakit', '2022-09-10 00:00:00', '2022-09-10 05:15:57', '2022-09-10 05:46:04', NULL),
(20, 28, 1, 'hadir', '2022-09-10 00:00:00', '2022-09-10 05:15:57', '2022-09-10 05:46:04', NULL),
(21, 16, 0, 'tidak hadir', '2022-09-10 00:00:00', '2022-09-10 05:16:21', '2022-09-10 05:22:11', NULL),
(22, 17, 0, 'tidak hadir', '2022-09-10 00:00:00', '2022-09-10 05:16:21', '2022-09-10 05:22:12', NULL),
(23, 18, 0, 'tidak hadir', '2022-09-10 00:00:00', '2022-09-10 05:16:21', '2022-09-10 05:22:12', NULL),
(24, 19, 0, 'tidak hadir', '2022-09-10 00:00:00', '2022-09-10 05:16:21', '2022-09-10 05:22:13', NULL),
(25, 9, 1, 'hadir', '2022-09-10 00:00:00', '2022-09-10 05:19:43', '2022-09-10 05:27:09', NULL),
(26, 9, 2, 'sakit', '2022-09-10 00:00:00', '2022-09-10 05:20:00', '2022-09-10 05:27:10', NULL),
(27, 9, 3, 'izin', '2022-09-10 00:00:00', '2022-09-10 05:21:34', '2022-09-10 05:27:10', NULL),
(28, 3, 3, 'izin', '2022-09-10 00:00:00', '2022-09-10 05:22:26', '2022-09-10 05:22:26', NULL),
(29, 3, 3, 'izin', '2022-09-10 00:00:00', '2022-09-10 05:22:26', '2022-09-10 05:22:26', NULL),
(30, 3, 3, 'izin', '2022-09-10 00:00:00', '2022-09-10 05:22:27', '2022-09-10 05:22:27', NULL),
(31, 9, 0, 'tidak hadir', '2022-09-10 00:00:00', '2022-09-10 05:24:54', '2022-09-10 05:24:54', NULL),
(32, 9, 0, 'tidak hadir', '2022-09-10 00:00:00', '2022-09-10 05:27:04', '2022-09-10 05:27:04', NULL),
(33, 9, 0, 'tidak hadir', '2022-09-10 00:00:00', '2022-09-10 05:27:09', '2022-09-10 05:27:09', NULL),
(34, 3, 2, 'sakit', '2022-09-10 00:00:00', '2022-09-10 05:27:57', '2022-09-10 05:27:57', NULL),
(35, 3, 2, 'sakit', '2022-09-10 00:00:00', '2022-09-10 05:27:58', '2022-09-10 05:27:58', NULL),
(36, 3, 2, 'sakit', '2022-09-10 00:00:00', '2022-09-10 05:27:58', '2022-09-10 05:27:58', NULL),
(37, 3, 1, 'hadir', '2022-09-10 00:00:00', '2022-09-10 05:28:19', '2022-09-10 05:28:19', NULL),
(38, 3, 1, 'hadir', '2022-09-10 00:00:00', '2022-09-10 05:28:20', '2022-09-10 05:28:20', NULL),
(39, 3, 1, 'hadir', '2022-09-10 00:00:00', '2022-09-10 05:28:20', '2022-09-10 05:28:20', NULL),
(40, 3, 3, 'izin', '2022-09-10 00:00:00', '2022-09-10 05:31:29', '2022-09-10 05:31:29', NULL),
(41, 3, 1, 'hadir', '2022-09-10 00:00:00', '2022-09-10 05:31:30', '2022-09-10 05:31:30', NULL),
(42, 3, 0, 'tidak hadir', '2022-09-10 00:00:00', '2022-09-10 05:31:30', '2022-09-10 05:31:30', NULL),
(43, 3, 0, 'tidak hadir', '2022-09-11 00:00:00', '2022-09-11 10:44:56', '2022-09-11 10:44:56', NULL),
(44, 3, 1, 'hadir', '2022-09-11 00:00:00', '2022-09-11 10:44:58', '2022-09-11 10:44:58', NULL),
(45, 3, 3, 'izin', '2022-09-11 00:00:00', '2022-09-11 10:44:58', '2022-09-11 10:44:58', NULL),
(46, 34, 1, 'hadir', '2022-10-04 00:00:00', '2022-10-04 01:24:59', '2022-10-04 01:25:00', NULL),
(47, 260, 1, 'hadir', '2022-10-08 00:00:00', '2022-10-08 10:03:19', '2022-10-08 10:03:19', NULL),
(48, 261, 1, 'hadir', '2022-10-08 00:00:00', '2022-10-08 10:03:19', '2022-10-08 10:03:19', NULL),
(49, 262, 1, 'hadir', '2022-10-08 00:00:00', '2022-10-08 10:03:19', '2022-10-08 10:03:19', NULL),
(50, 263, 1, 'hadir', '2022-10-08 00:00:00', '2022-10-08 10:03:19', '2022-10-08 10:03:19', NULL),
(51, 265, 1, 'hadir', '2022-10-08 00:00:00', '2022-10-08 10:03:19', '2022-10-08 10:03:19', NULL),
(52, 260, 1, 'hadir', '2022-10-07 00:00:00', '2022-10-08 10:04:14', '2022-10-08 10:05:14', NULL),
(53, 260, 1, 'hadir', '2022-10-07 00:00:00', '2022-10-08 10:05:08', '2022-10-08 10:05:15', NULL),
(54, 261, 1, 'hadir', '2022-10-07 00:00:00', '2022-10-08 10:05:09', '2022-10-08 10:05:09', NULL),
(55, 262, 1, 'hadir', '2022-10-07 00:00:00', '2022-10-08 10:05:09', '2022-10-08 10:05:09', NULL),
(56, 263, 1, 'hadir', '2022-10-07 00:00:00', '2022-10-08 10:05:09', '2022-10-08 10:05:09', NULL),
(57, 265, 1, 'hadir', '2022-10-07 00:00:00', '2022-10-08 10:05:10', '2022-10-08 10:05:10', NULL),
(58, 260, 1, 'hadir', '2022-10-07 00:00:00', '2022-10-08 10:05:10', '2022-10-08 10:05:10', NULL),
(59, 261, 1, 'hadir', '2022-10-07 00:00:00', '2022-10-08 10:05:11', '2022-10-08 10:05:11', NULL),
(60, 262, 1, 'hadir', '2022-10-07 00:00:00', '2022-10-08 10:05:11', '2022-10-08 10:05:11', NULL),
(61, 263, 1, 'hadir', '2022-10-07 00:00:00', '2022-10-08 10:05:12', '2022-10-08 10:05:12', NULL),
(62, 265, 1, 'hadir', '2022-10-07 00:00:00', '2022-10-08 10:05:12', '2022-10-08 10:05:12', NULL),
(63, 260, 1, 'hadir', '2022-10-07 00:00:00', '2022-10-08 10:05:12', '2022-10-08 10:05:12', NULL),
(64, 261, 1, 'hadir', '2022-10-07 00:00:00', '2022-10-08 10:05:13', '2022-10-08 10:05:13', NULL),
(65, 262, 1, 'hadir', '2022-10-07 00:00:00', '2022-10-08 10:05:13', '2022-10-08 10:05:13', NULL),
(66, 263, 1, 'hadir', '2022-10-07 00:00:00', '2022-10-08 10:05:13', '2022-10-08 10:05:13', NULL),
(67, 265, 1, 'hadir', '2022-10-07 00:00:00', '2022-10-08 10:05:14', '2022-10-08 10:05:14', NULL),
(68, 37, 2, 'sakit', '2022-10-09 00:00:00', '2022-10-09 09:36:11', '2022-10-09 09:37:40', NULL),
(69, 301, 1, 'hadir', '2022-10-09 00:00:00', '2022-10-09 09:36:11', '2022-10-09 09:43:30', NULL),
(70, 302, 1, 'hadir', '2022-10-09 00:00:00', '2022-10-09 09:36:11', '2022-10-09 09:43:30', NULL),
(71, 303, 1, 'hadir', '2022-10-09 00:00:00', '2022-10-09 09:36:11', '2022-10-09 09:43:30', NULL),
(72, 304, 1, 'hadir', '2022-10-09 00:00:00', '2022-10-09 09:36:11', '2022-10-09 09:43:31', NULL),
(73, 305, 1, 'hadir', '2022-10-09 00:00:00', '2022-10-09 09:39:36', '2022-10-09 09:43:31', NULL),
(74, 306, 1, 'hadir', '2022-10-09 00:00:00', '2022-10-09 09:39:36', '2022-10-09 09:43:31', NULL),
(75, 307, 1, 'hadir', '2022-10-09 00:00:00', '2022-10-09 09:40:13', '2022-10-09 09:43:32', NULL),
(76, 308, 1, 'hadir', '2022-10-09 00:00:00', '2022-10-09 09:40:13', '2022-10-09 09:43:32', NULL),
(77, 309, 1, 'hadir', '2022-10-09 00:00:00', '2022-10-09 09:40:13', '2022-10-09 09:43:33', NULL),
(78, 301, 2, 'sakit', '2022-10-08 00:00:00', '2022-10-09 09:40:54', '2022-10-09 09:40:54', NULL),
(79, 302, 2, 'sakit', '2022-10-08 00:00:00', '2022-10-09 09:40:54', '2022-10-09 09:40:54', NULL),
(80, 303, 2, 'sakit', '2022-10-08 00:00:00', '2022-10-09 09:40:55', '2022-10-09 09:40:55', NULL),
(81, 304, 2, 'sakit', '2022-10-08 00:00:00', '2022-10-09 09:40:55', '2022-10-09 09:40:55', NULL),
(82, 305, 2, 'sakit', '2022-10-08 00:00:00', '2022-10-09 09:40:56', '2022-10-09 09:40:56', NULL),
(83, 306, 2, 'sakit', '2022-10-08 00:00:00', '2022-10-09 09:40:56', '2022-10-09 09:40:56', NULL),
(84, 307, 2, 'sakit', '2022-10-08 00:00:00', '2022-10-09 09:40:56', '2022-10-09 09:40:56', NULL),
(85, 308, 2, 'sakit', '2022-10-08 00:00:00', '2022-10-09 09:40:57', '2022-10-09 09:40:57', NULL),
(86, 309, 2, 'sakit', '2022-10-08 00:00:00', '2022-10-09 09:40:57', '2022-10-09 09:40:57', NULL),
(87, 301, 1, 'hadir', '2022-10-09 00:00:00', '2022-10-09 09:43:33', '2022-10-09 09:43:33', NULL),
(88, 302, 1, 'hadir', '2022-10-09 00:00:00', '2022-10-09 09:43:33', '2022-10-09 09:43:33', NULL),
(89, 303, 1, 'hadir', '2022-10-09 00:00:00', '2022-10-09 09:43:34', '2022-10-09 09:43:34', NULL),
(90, 304, 1, 'hadir', '2022-10-09 00:00:00', '2022-10-09 09:43:34', '2022-10-09 09:43:34', NULL),
(91, 305, 1, 'hadir', '2022-10-09 00:00:00', '2022-10-09 09:43:35', '2022-10-09 09:43:35', NULL),
(92, 306, 1, 'hadir', '2022-10-09 00:00:00', '2022-10-09 09:43:35', '2022-10-09 09:43:35', NULL),
(93, 307, 1, 'hadir', '2022-10-09 00:00:00', '2022-10-09 09:43:35', '2022-10-09 09:43:35', NULL),
(94, 308, 1, 'hadir', '2022-10-09 00:00:00', '2022-10-09 09:43:36', '2022-10-09 09:43:36', NULL),
(95, 309, 1, 'hadir', '2022-10-09 00:00:00', '2022-10-09 09:43:36', '2022-10-09 09:43:36', NULL),
(96, 34, 0, 'tidak hadir', '2022-10-13 00:00:00', '2022-10-13 01:46:02', '2022-10-13 01:46:02', NULL);

-- --------------------------------------------------------

--
-- Table structure for table `trans_schedules`
--

CREATE TABLE `trans_schedules` (
  `id` bigint(20) UNSIGNED NOT NULL,
  `class_id` bigint(20) UNSIGNED NOT NULL,
  `course_id` bigint(20) UNSIGNED NOT NULL,
  `teacher_id` bigint(20) UNSIGNED NOT NULL,
  `day` tinyint(4) NOT NULL,
  `time` time NOT NULL,
  `created_at` timestamp NULL DEFAULT NULL,
  `updated_at` timestamp NULL DEFAULT NULL,
  `deleted_at` timestamp NULL DEFAULT NULL
) ENGINE=InnoDB DEFAULT CHARSET=utf8mb4 COLLATE=utf8mb4_unicode_ci;

--
-- Dumping data for table `trans_schedules`
--

INSERT INTO `trans_schedules` (`id`, `class_id`, `course_id`, `teacher_id`, `day`, `time`, `created_at`, `updated_at`, `deleted_at`) VALUES
(1, 1, 1, 1, 1, '08:00:00', '2020-08-25 08:13:29', '2020-08-25 08:13:29', NULL);

-- --------------------------------------------------------

--
-- Table structure for table `trans_scores`
--

CREATE TABLE `trans_scores` (
  `id` bigint(20) UNSIGNED NOT NULL,
  `trans_course_id` bigint(20) UNSIGNED NOT NULL,
  `number` tinyint(4) NOT NULL DEFAULT 1,
  `name` varchar(191) COLLATE utf8mb4_unicode_ci NOT NULL,
  `score` double(8,2) DEFAULT 0.00,
  `percent` double(8,2) DEFAULT NULL,
  `description` varchar(255) COLLATE utf8mb4_unicode_ci DEFAULT NULL,
  `created_at` timestamp NULL DEFAULT NULL,
  `updated_at` timestamp NULL DEFAULT NULL,
  `deleted_at` timestamp NULL DEFAULT NULL
) ENGINE=InnoDB DEFAULT CHARSET=utf8mb4 COLLATE=utf8mb4_unicode_ci;

--
-- Dumping data for table `trans_scores`
--

INSERT INTO `trans_scores` (`id`, `trans_course_id`, `number`, `name`, `score`, `percent`, `description`, `created_at`, `updated_at`, `deleted_at`) VALUES
(1, 34, 1, 'futsal', 0.00, 10.00, 'bisa futsal', '2022-11-11 00:48:53', '2022-11-11 00:48:53', NULL),
(2, 34, 2, 'basket', 0.00, 10.00, 'bisa basket', '2022-11-11 00:48:53', '2022-11-11 00:48:53', NULL),
(3, 34, 3, 'voli', 0.00, 10.00, 'bisa voli', '2022-11-11 00:48:53', '2022-11-11 00:48:53', NULL),
(4, 34, 4, 'pts', 0.00, 30.00, 'tengah semester', '2022-11-11 00:48:53', '2022-11-11 00:48:53', NULL),
(5, 34, 5, 'uas', 0.00, 40.00, 'ahir semester', '2022-11-11 00:48:53', '2022-11-11 00:48:53', NULL),
(6, 34, 6, 'UTS', 0.00, 40.00, 'UTS', '2022-11-11 00:48:53', '2022-11-11 00:48:53', NULL),
(7, 260, 1, 'futsal', 0.00, 10.00, 'bisa futsal', '2022-11-11 00:48:53', '2022-11-11 00:48:53', NULL),
(8, 260, 2, 'basket', 0.00, 10.00, 'bisa basket', '2022-11-11 00:48:53', '2022-11-11 00:48:53', NULL),
(9, 260, 3, 'voli', 0.00, 10.00, 'bisa voli', '2022-11-11 00:48:53', '2022-11-11 00:48:53', NULL),
(10, 260, 4, 'pts', 0.00, 30.00, 'tengah semester', '2022-11-11 00:48:53', '2022-11-11 00:48:53', NULL),
(11, 260, 5, 'uas', 0.00, 40.00, 'ahir semester', '2022-11-11 00:48:53', '2022-11-11 00:48:53', NULL),
(12, 260, 6, 'UTS', 0.00, 40.00, 'UTS', '2022-11-11 00:48:53', '2022-11-11 00:48:53', NULL),
(13, 261, 1, 'futsal', 0.00, 10.00, 'bisa futsal', '2022-11-11 00:48:53', '2022-11-11 00:48:53', NULL),
(14, 261, 2, 'basket', 0.00, 10.00, 'bisa basket', '2022-11-11 00:48:53', '2022-11-11 00:48:53', NULL),
(15, 261, 3, 'voli', 0.00, 10.00, 'bisa voli', '2022-11-11 00:48:53', '2022-11-11 00:48:53', NULL),
(16, 261, 4, 'pts', 0.00, 30.00, 'tengah semester', '2022-11-11 00:48:53', '2022-11-11 00:48:53', NULL),
(17, 261, 5, 'uas', 0.00, 40.00, 'ahir semester', '2022-11-11 00:48:53', '2022-11-11 00:48:53', NULL),
(18, 261, 6, 'UTS', 0.00, 40.00, 'UTS', '2022-11-11 00:48:53', '2022-11-11 00:48:53', NULL),
(19, 262, 1, 'futsal', 0.00, 10.00, 'bisa futsal', '2022-11-11 00:48:53', '2022-11-11 00:48:53', NULL),
(20, 262, 2, 'basket', 0.00, 10.00, 'bisa basket', '2022-11-11 00:48:53', '2022-11-11 00:48:53', NULL),
(21, 262, 3, 'voli', 0.00, 10.00, 'bisa voli', '2022-11-11 00:48:53', '2022-11-11 00:48:53', NULL),
(22, 262, 4, 'pts', 0.00, 30.00, 'tengah semester', '2022-11-11 00:48:53', '2022-11-11 00:48:53', NULL),
(23, 262, 5, 'uas', 0.00, 40.00, 'ahir semester', '2022-11-11 00:48:53', '2022-11-11 00:48:53', NULL),
(24, 262, 6, 'UTS', 0.00, 40.00, 'UTS', '2022-11-11 00:48:53', '2022-11-11 00:48:53', NULL),
(25, 263, 1, 'futsal', 0.00, 10.00, 'bisa futsal', '2022-11-11 00:48:53', '2022-11-11 00:48:53', NULL),
(26, 263, 2, 'basket', 0.00, 10.00, 'bisa basket', '2022-11-11 00:48:53', '2022-11-11 00:48:53', NULL),
(27, 263, 3, 'voli', 0.00, 10.00, 'bisa voli', '2022-11-11 00:48:53', '2022-11-11 00:48:53', NULL),
(28, 263, 4, 'pts', 0.00, 30.00, 'tengah semester', '2022-11-11 00:48:53', '2022-11-11 00:48:53', NULL),
(29, 263, 5, 'uas', 0.00, 40.00, 'ahir semester', '2022-11-11 00:48:53', '2022-11-11 00:48:53', NULL),
(30, 263, 6, 'UTS', 0.00, 40.00, 'UTS', '2022-11-11 00:48:53', '2022-11-11 00:48:53', NULL),
(31, 264, 1, 'futsal', 0.00, 10.00, 'bisa futsal', '2022-11-11 00:48:53', '2022-11-11 00:48:53', NULL),
(32, 264, 2, 'basket', 0.00, 10.00, 'bisa basket', '2022-11-11 00:48:53', '2022-11-11 00:48:53', NULL),
(33, 264, 3, 'voli', 0.00, 10.00, 'bisa voli', '2022-11-11 00:48:53', '2022-11-11 00:48:53', NULL),
(34, 264, 4, 'pts', 0.00, 30.00, 'tengah semester', '2022-11-11 00:48:53', '2022-11-11 00:48:53', NULL),
(35, 264, 5, 'uas', 0.00, 40.00, 'ahir semester', '2022-11-11 00:48:53', '2022-11-11 00:48:53', NULL),
(36, 264, 6, 'UTS', 0.00, 40.00, 'UTS', '2022-11-11 00:48:53', '2022-11-11 00:48:53', NULL),
(37, 265, 1, 'futsal', 0.00, 10.00, 'bisa futsal', '2022-11-11 00:48:53', '2022-11-11 00:48:53', NULL),
(38, 265, 2, 'basket', 0.00, 10.00, 'bisa basket', '2022-11-11 00:48:53', '2022-11-11 00:48:53', NULL),
(39, 265, 3, 'voli', 0.00, 10.00, 'bisa voli', '2022-11-11 00:48:53', '2022-11-11 00:48:53', NULL),
(40, 265, 4, 'pts', 0.00, 30.00, 'tengah semester', '2022-11-11 00:48:53', '2022-11-11 00:48:53', NULL),
(41, 265, 5, 'uas', 0.00, 40.00, 'ahir semester', '2022-11-11 00:48:53', '2022-11-11 00:48:53', NULL),
(42, 265, 6, 'UTS', 0.00, 40.00, 'UTS', '2022-11-11 00:48:53', '2022-11-11 00:48:53', NULL),
(43, 266, 1, 'futsal', 0.00, 10.00, 'bisa futsal', '2022-11-11 00:48:53', '2022-11-11 00:48:53', NULL),
(44, 266, 2, 'basket', 0.00, 10.00, 'bisa basket', '2022-11-11 00:48:53', '2022-11-11 00:48:53', NULL),
(45, 266, 3, 'voli', 0.00, 10.00, 'bisa voli', '2022-11-11 00:48:53', '2022-11-11 00:48:53', NULL),
(46, 266, 4, 'pts', 0.00, 30.00, 'tengah semester', '2022-11-11 00:48:53', '2022-11-11 00:48:53', NULL),
(47, 266, 5, 'uas', 0.00, 40.00, 'ahir semester', '2022-11-11 00:48:53', '2022-11-11 00:48:53', NULL),
(48, 266, 6, 'UTS', 0.00, 40.00, 'UTS', '2022-11-11 00:48:53', '2022-11-11 00:48:53', NULL),
(49, 267, 1, 'futsal', 0.00, 10.00, 'bisa futsal', '2022-11-11 00:48:53', '2022-11-11 00:48:53', NULL),
(50, 267, 2, 'basket', 0.00, 10.00, 'bisa basket', '2022-11-11 00:48:53', '2022-11-11 00:48:53', NULL),
(51, 267, 3, 'voli', 0.00, 10.00, 'bisa voli', '2022-11-11 00:48:53', '2022-11-11 00:48:53', NULL),
(52, 267, 4, 'pts', 0.00, 30.00, 'tengah semester', '2022-11-11 00:48:53', '2022-11-11 00:48:53', NULL),
(53, 267, 5, 'uas', 0.00, 40.00, 'ahir semester', '2022-11-11 00:48:53', '2022-11-11 00:48:53', NULL),
(54, 267, 6, 'UTS', 0.00, 40.00, 'UTS', '2022-11-11 00:48:53', '2022-11-11 00:48:53', NULL),
(55, 268, 1, 'futsal', 0.00, 10.00, 'bisa futsal', '2022-11-11 00:48:53', '2022-11-11 00:48:53', NULL),
(56, 268, 2, 'basket', 0.00, 10.00, 'bisa basket', '2022-11-11 00:48:53', '2022-11-11 00:48:53', NULL),
(57, 268, 3, 'voli', 0.00, 10.00, 'bisa voli', '2022-11-11 00:48:53', '2022-11-11 00:48:53', NULL),
(58, 268, 4, 'pts', 0.00, 30.00, 'tengah semester', '2022-11-11 00:48:53', '2022-11-11 00:48:53', NULL),
(59, 268, 5, 'uas', 0.00, 40.00, 'ahir semester', '2022-11-11 00:48:53', '2022-11-11 00:48:53', NULL),
(60, 268, 6, 'UTS', 0.00, 40.00, 'UTS', '2022-11-11 00:48:53', '2022-11-11 00:48:53', NULL),
(61, 269, 1, 'futsal', 0.00, 10.00, 'bisa futsal', '2022-11-11 00:48:53', '2022-11-11 00:48:53', NULL),
(62, 269, 2, 'basket', 0.00, 10.00, 'bisa basket', '2022-11-11 00:48:53', '2022-11-11 00:48:53', NULL),
(63, 269, 3, 'voli', 0.00, 10.00, 'bisa voli', '2022-11-11 00:48:53', '2022-11-11 00:48:53', NULL),
(64, 269, 4, 'pts', 0.00, 30.00, 'tengah semester', '2022-11-11 00:48:53', '2022-11-11 00:48:53', NULL),
(65, 269, 5, 'uas', 0.00, 40.00, 'ahir semester', '2022-11-11 00:48:53', '2022-11-11 00:48:53', NULL),
(66, 269, 6, 'UTS', 0.00, 40.00, 'UTS', '2022-11-11 00:48:53', '2022-11-11 00:48:53', NULL),
(67, 270, 1, 'futsal', 0.00, 10.00, 'bisa futsal', '2022-11-11 00:48:53', '2022-11-11 00:48:53', NULL),
(68, 270, 2, 'basket', 0.00, 10.00, 'bisa basket', '2022-11-11 00:48:53', '2022-11-11 00:48:53', NULL),
(69, 270, 3, 'voli', 0.00, 10.00, 'bisa voli', '2022-11-11 00:48:53', '2022-11-11 00:48:53', NULL),
(70, 270, 4, 'pts', 0.00, 30.00, 'tengah semester', '2022-11-11 00:48:53', '2022-11-11 00:48:53', NULL),
(71, 270, 5, 'uas', 0.00, 40.00, 'ahir semester', '2022-11-11 00:48:53', '2022-11-11 00:48:53', NULL),
(72, 270, 6, 'UTS', 0.00, 40.00, 'UTS', '2022-11-11 00:48:53', '2022-11-11 00:48:53', NULL),
(73, 271, 1, 'futsal', 0.00, 10.00, 'bisa futsal', '2022-11-11 00:48:53', '2022-11-11 00:48:53', NULL),
(74, 271, 2, 'basket', 0.00, 10.00, 'bisa basket', '2022-11-11 00:48:53', '2022-11-11 00:48:53', NULL),
(75, 271, 3, 'voli', 0.00, 10.00, 'bisa voli', '2022-11-11 00:48:53', '2022-11-11 00:48:53', NULL),
(76, 271, 4, 'pts', 0.00, 30.00, 'tengah semester', '2022-11-11 00:48:53', '2022-11-11 00:48:53', NULL),
(77, 271, 5, 'uas', 0.00, 40.00, 'ahir semester', '2022-11-11 00:48:53', '2022-11-11 00:48:53', NULL),
(78, 271, 6, 'UTS', 0.00, 40.00, 'UTS', '2022-11-11 00:48:53', '2022-11-11 00:48:53', NULL),
(79, 272, 1, 'futsal', 0.00, 10.00, 'bisa futsal', '2022-11-11 00:48:53', '2022-11-11 00:48:53', NULL),
(80, 272, 2, 'basket', 0.00, 10.00, 'bisa basket', '2022-11-11 00:48:53', '2022-11-11 00:48:53', NULL),
(81, 272, 3, 'voli', 0.00, 10.00, 'bisa voli', '2022-11-11 00:48:53', '2022-11-11 00:48:53', NULL),
(82, 272, 4, 'pts', 0.00, 30.00, 'tengah semester', '2022-11-11 00:48:53', '2022-11-11 00:48:53', NULL),
(83, 272, 5, 'uas', 0.00, 40.00, 'ahir semester', '2022-11-11 00:48:53', '2022-11-11 00:48:53', NULL),
(84, 272, 6, 'UTS', 0.00, 40.00, 'UTS', '2022-11-11 00:48:53', '2022-11-11 00:48:53', NULL),
(85, 273, 1, 'futsal', 0.00, 10.00, 'bisa futsal', '2022-11-11 00:48:53', '2022-11-11 00:48:53', NULL),
(86, 273, 2, 'basket', 0.00, 10.00, 'bisa basket', '2022-11-11 00:48:53', '2022-11-11 00:48:53', NULL),
(87, 273, 3, 'voli', 0.00, 10.00, 'bisa voli', '2022-11-11 00:48:53', '2022-11-11 00:48:53', NULL),
(88, 273, 4, 'pts', 0.00, 30.00, 'tengah semester', '2022-11-11 00:48:53', '2022-11-11 00:48:53', NULL),
(89, 273, 5, 'uas', 0.00, 40.00, 'ahir semester', '2022-11-11 00:48:53', '2022-11-11 00:48:53', NULL),
(90, 273, 6, 'UTS', 0.00, 40.00, 'UTS', '2022-11-11 00:48:53', '2022-11-11 00:48:53', NULL),
(91, 274, 1, 'futsal', 0.00, 10.00, 'bisa futsal', '2022-11-11 00:48:53', '2022-11-11 00:48:53', NULL),
(92, 274, 2, 'basket', 0.00, 10.00, 'bisa basket', '2022-11-11 00:48:53', '2022-11-11 00:48:53', NULL),
(93, 274, 3, 'voli', 0.00, 10.00, 'bisa voli', '2022-11-11 00:48:53', '2022-11-11 00:48:53', NULL),
(94, 274, 4, 'pts', 0.00, 30.00, 'tengah semester', '2022-11-11 00:48:53', '2022-11-11 00:48:53', NULL),
(95, 274, 5, 'uas', 0.00, 40.00, 'ahir semester', '2022-11-11 00:48:53', '2022-11-11 00:48:53', NULL),
(96, 274, 6, 'UTS', 0.00, 40.00, 'UTS', '2022-11-11 00:48:53', '2022-11-11 00:48:53', NULL),
(97, 275, 1, 'futsal', 0.00, 10.00, 'bisa futsal', '2022-11-11 00:48:53', '2022-11-11 00:48:53', NULL),
(98, 275, 2, 'basket', 0.00, 10.00, 'bisa basket', '2022-11-11 00:48:53', '2022-11-11 00:48:53', NULL),
(99, 275, 3, 'voli', 0.00, 10.00, 'bisa voli', '2022-11-11 00:48:53', '2022-11-11 00:48:53', NULL),
(100, 275, 4, 'pts', 0.00, 30.00, 'tengah semester', '2022-11-11 00:48:53', '2022-11-11 00:48:53', NULL),
(101, 275, 5, 'uas', 0.00, 40.00, 'ahir semester', '2022-11-11 00:48:53', '2022-11-11 00:48:53', NULL),
(102, 275, 6, 'UTS', 0.00, 40.00, 'UTS', '2022-11-11 00:48:53', '2022-11-11 00:48:53', NULL),
(103, 276, 1, 'futsal', 0.00, 10.00, 'bisa futsal', '2022-11-11 00:48:53', '2022-11-11 00:48:53', NULL),
(104, 276, 2, 'basket', 0.00, 10.00, 'bisa basket', '2022-11-11 00:48:53', '2022-11-11 00:48:53', NULL),
(105, 276, 3, 'voli', 0.00, 10.00, 'bisa voli', '2022-11-11 00:48:53', '2022-11-11 00:48:53', NULL),
(106, 276, 4, 'pts', 0.00, 30.00, 'tengah semester', '2022-11-11 00:48:53', '2022-11-11 00:48:53', NULL),
(107, 276, 5, 'uas', 0.00, 40.00, 'ahir semester', '2022-11-11 00:48:53', '2022-11-11 00:48:53', NULL),
(108, 276, 6, 'UTS', 0.00, 40.00, 'UTS', '2022-11-11 00:48:53', '2022-11-11 00:48:53', NULL),
(109, 277, 1, 'futsal', 0.00, 10.00, 'bisa futsal', '2022-11-11 00:48:53', '2022-11-11 00:48:53', NULL),
(110, 277, 2, 'basket', 0.00, 10.00, 'bisa basket', '2022-11-11 00:48:53', '2022-11-11 00:48:53', NULL),
(111, 277, 3, 'voli', 0.00, 10.00, 'bisa voli', '2022-11-11 00:48:53', '2022-11-11 00:48:53', NULL),
(112, 277, 4, 'pts', 0.00, 30.00, 'tengah semester', '2022-11-11 00:48:53', '2022-11-11 00:48:53', NULL),
(113, 277, 5, 'uas', 0.00, 40.00, 'ahir semester', '2022-11-11 00:48:53', '2022-11-11 00:48:53', NULL),
(114, 277, 6, 'UTS', 0.00, 40.00, 'UTS', '2022-11-11 00:48:53', '2022-11-11 00:48:53', NULL),
(115, 278, 1, 'futsal', 0.00, 10.00, 'bisa futsal', '2022-11-11 00:48:53', '2022-11-11 00:48:53', NULL),
(116, 278, 2, 'basket', 0.00, 10.00, 'bisa basket', '2022-11-11 00:48:53', '2022-11-11 00:48:53', NULL),
(117, 278, 3, 'voli', 0.00, 10.00, 'bisa voli', '2022-11-11 00:48:53', '2022-11-11 00:48:53', NULL),
(118, 278, 4, 'pts', 0.00, 30.00, 'tengah semester', '2022-11-11 00:48:53', '2022-11-11 00:48:53', NULL),
(119, 278, 5, 'uas', 0.00, 40.00, 'ahir semester', '2022-11-11 00:48:53', '2022-11-11 00:48:53', NULL),
(120, 278, 6, 'UTS', 0.00, 40.00, 'UTS', '2022-11-11 00:48:53', '2022-11-11 00:48:53', NULL),
(121, 279, 1, 'futsal', 0.00, 10.00, 'bisa futsal', '2022-11-11 00:48:53', '2022-11-11 00:48:53', NULL),
(122, 279, 2, 'basket', 0.00, 10.00, 'bisa basket', '2022-11-11 00:48:53', '2022-11-11 00:48:53', NULL),
(123, 279, 3, 'voli', 0.00, 10.00, 'bisa voli', '2022-11-11 00:48:53', '2022-11-11 00:48:53', NULL),
(124, 279, 4, 'pts', 0.00, 30.00, 'tengah semester', '2022-11-11 00:48:53', '2022-11-11 00:48:53', NULL),
(125, 279, 5, 'uas', 0.00, 40.00, 'ahir semester', '2022-11-11 00:48:53', '2022-11-11 00:48:53', NULL),
(126, 279, 6, 'UTS', 0.00, 40.00, 'UTS', '2022-11-11 00:48:53', '2022-11-11 00:48:53', NULL),
(127, 280, 1, 'futsal', 0.00, 10.00, 'bisa futsal', '2022-11-11 00:48:53', '2022-11-11 00:48:53', NULL),
(128, 280, 2, 'basket', 0.00, 10.00, 'bisa basket', '2022-11-11 00:48:53', '2022-11-11 00:48:53', NULL),
(129, 280, 3, 'voli', 0.00, 10.00, 'bisa voli', '2022-11-11 00:48:53', '2022-11-11 00:48:53', NULL),
(130, 280, 4, 'pts', 0.00, 30.00, 'tengah semester', '2022-11-11 00:48:53', '2022-11-11 00:48:53', NULL),
(131, 280, 5, 'uas', 0.00, 40.00, 'ahir semester', '2022-11-11 00:48:53', '2022-11-11 00:48:53', NULL),
(132, 280, 6, 'UTS', 0.00, 40.00, 'UTS', '2022-11-11 00:48:53', '2022-11-11 00:48:53', NULL),
(133, 281, 1, 'futsal', 0.00, 10.00, 'bisa futsal', '2022-11-11 00:48:53', '2022-11-11 00:48:53', NULL),
(134, 281, 2, 'basket', 0.00, 10.00, 'bisa basket', '2022-11-11 00:48:53', '2022-11-11 00:48:53', NULL),
(135, 281, 3, 'voli', 0.00, 10.00, 'bisa voli', '2022-11-11 00:48:53', '2022-11-11 00:48:53', NULL),
(136, 281, 4, 'pts', 0.00, 30.00, 'tengah semester', '2022-11-11 00:48:53', '2022-11-11 00:48:53', NULL),
(137, 281, 5, 'uas', 0.00, 40.00, 'ahir semester', '2022-11-11 00:48:53', '2022-11-11 00:48:53', NULL),
(138, 281, 6, 'UTS', 0.00, 40.00, 'UTS', '2022-11-11 00:48:53', '2022-11-11 00:48:53', NULL),
(139, 282, 1, 'futsal', 0.00, 10.00, 'bisa futsal', '2022-11-11 00:48:53', '2022-11-11 00:48:53', NULL),
(140, 282, 2, 'basket', 0.00, 10.00, 'bisa basket', '2022-11-11 00:48:53', '2022-11-11 00:48:53', NULL),
(141, 282, 3, 'voli', 0.00, 10.00, 'bisa voli', '2022-11-11 00:48:53', '2022-11-11 00:48:53', NULL),
(142, 282, 4, 'pts', 0.00, 30.00, 'tengah semester', '2022-11-11 00:48:53', '2022-11-11 00:48:53', NULL),
(143, 282, 5, 'uas', 0.00, 40.00, 'ahir semester', '2022-11-11 00:48:53', '2022-11-11 00:48:53', NULL),
(144, 282, 6, 'UTS', 0.00, 40.00, 'UTS', '2022-11-11 00:48:53', '2022-11-11 00:48:53', NULL),
(145, 283, 1, 'futsal', 0.00, 10.00, 'bisa futsal', '2022-11-11 00:48:53', '2022-11-11 00:48:53', NULL),
(146, 283, 2, 'basket', 0.00, 10.00, 'bisa basket', '2022-11-11 00:48:53', '2022-11-11 00:48:53', NULL),
(147, 283, 3, 'voli', 0.00, 10.00, 'bisa voli', '2022-11-11 00:48:53', '2022-11-11 00:48:53', NULL),
(148, 283, 4, 'pts', 0.00, 30.00, 'tengah semester', '2022-11-11 00:48:53', '2022-11-11 00:48:53', NULL),
(149, 283, 5, 'uas', 0.00, 40.00, 'ahir semester', '2022-11-11 00:48:53', '2022-11-11 00:48:53', NULL),
(150, 283, 6, 'UTS', 0.00, 40.00, 'UTS', '2022-11-11 00:48:53', '2022-11-11 00:48:53', NULL);

-- --------------------------------------------------------

--
-- Table structure for table `users`
--

CREATE TABLE `users` (
  `id` bigint(20) UNSIGNED NOT NULL,
  `class_id` bigint(20) UNSIGNED DEFAULT NULL,
  `name` varchar(255) COLLATE utf8mb4_unicode_ci NOT NULL,
  `email` varchar(255) COLLATE utf8mb4_unicode_ci NOT NULL,
  `password` varchar(255) COLLATE utf8mb4_unicode_ci NOT NULL,
  `nip` varchar(60) COLLATE utf8mb4_unicode_ci DEFAULT NULL,
  `nik` char(50) COLLATE utf8mb4_unicode_ci DEFAULT NULL,
  `born_at` varchar(100) COLLATE utf8mb4_unicode_ci DEFAULT NULL,
  `birthday` date DEFAULT NULL,
  `phone` char(20) COLLATE utf8mb4_unicode_ci DEFAULT NULL,
  `gender` enum('Laki-laki','Perempuan') COLLATE utf8mb4_unicode_ci NOT NULL,
  `role` enum('admin','guru','siswa') COLLATE utf8mb4_unicode_ci NOT NULL,
  `nisn` char(30) COLLATE utf8mb4_unicode_ci DEFAULT NULL,
  `father_name` varchar(255) COLLATE utf8mb4_unicode_ci DEFAULT NULL,
  `parent_phone` char(20) COLLATE utf8mb4_unicode_ci DEFAULT NULL,
  `address` varchar(255) COLLATE utf8mb4_unicode_ci DEFAULT NULL,
  `photo` varchar(255) COLLATE utf8mb4_unicode_ci DEFAULT NULL,
  `status` tinyint(1) NOT NULL DEFAULT 1,
  `created_at` timestamp NULL DEFAULT NULL,
  `updated_at` timestamp NULL DEFAULT NULL,
  `deleted_at` timestamp NULL DEFAULT NULL
) ENGINE=InnoDB DEFAULT CHARSET=utf8mb4 COLLATE=utf8mb4_unicode_ci;

--
-- Dumping data for table `users`
--

INSERT INTO `users` (`id`, `class_id`, `name`, `email`, `password`, `nip`, `nik`, `born_at`, `birthday`, `phone`, `gender`, `role`, `nisn`, `father_name`, `parent_phone`, `address`, `photo`, `status`, `created_at`, `updated_at`, `deleted_at`) VALUES
(1, 1, 'Fiki Guru', 'fiki@gmail.com', '$2y$10$6P8QVV1GMDUHoZs8JVMU9.t7C35FlN7Ip4weitA.s1GYFTEggP3W6', '756775675667', NULL, NULL, NULL, '085846087071', 'Laki-laki', 'guru', NULL, NULL, NULL, 'Sukabumi Eundeur', NULL, 1, '2022-06-08 14:32:10', '2022-09-12 01:52:24', NULL),
(2, NULL, 'Fiki Admin', 'fiki@admin.com', '$2y$10$6P8QVV1GMDUHoZs8JVMU9.t7C35FlN7Ip4weitA.s1GYFTEggP3W6', NULL, NULL, NULL, NULL, '085846087071', 'Laki-laki', 'admin', NULL, NULL, NULL, NULL, 'user/profile/2/202210081654', 1, '2022-06-08 07:45:35', '2022-10-08 09:54:49', NULL),
(3, 1, 'fikis siswa', 'fikiirmansyah@gmail.com', '$2y$10$4FRt4tAAmP/730yle39N9OoN/9wNIo2VXmsyTSBUvW8hisCyLDInW', NULL, '3208134107860184', 'Kuningan', '2022-08-10', '093840983', 'Laki-laki', 'siswa', '34242', 'ayahku', '093840938', 'ads', NULL, 1, '2022-06-10 19:44:30', '2022-09-12 03:01:29', '2022-09-12 03:01:29'),
(4, NULL, 'Drs. Durjandai, M.Pd.', 'nurjandai@gmail.com', '$2y$10$3jKiS0IgdW6TXX8Do5U2NuHdL2NJZEdQEsgcZyO2oT42PpfEIe/qm', NULL, NULL, NULL, NULL, '038392894289', 'Perempuan', 'guru', NULL, NULL, NULL, 'Cijati', NULL, 1, '2022-06-10 23:40:58', '2022-07-12 02:24:56', '2022-07-12 02:24:56'),
(5, 4, 'udin', 'udin@gmail.com', '$2y$10$i1a8tKkYKybhe2/JNxzzZu2twhUJ6aJr9pt7/JR2qwvgDIg1LVvLK', NULL, NULL, NULL, NULL, '0934897', 'Laki-laki', 'siswa', '29387', 'ayah', '98798732', 'ksdhjfkjh', NULL, 1, '2022-06-27 13:30:37', '2022-09-12 03:01:36', '2022-09-12 03:01:36'),
(6, NULL, 'Abdul Malik Al-Banjaroni', 'abdulmalikea@gmail.com', '$2y$10$fmscr4UlWrYA6k7CdEse9.0ZXZFcIFIwXaxXYcu0MRblExrpPAcq6', NULL, NULL, NULL, NULL, '98798793827', 'Laki-laki', 'guru', NULL, NULL, NULL, 'hjkhakjshkfh', NULL, 1, '2022-06-27 13:31:40', '2022-07-12 02:14:27', '2022-07-12 02:14:27'),
(7, 1, 'Farid Fadilah, S.T', 'fadil@gmail.com', '$2y$10$hJ92WffjS/P6weqM0oFJx.X0Mmf0.3/PMncniYeRCfP0.rM4bC3T.', NULL, NULL, NULL, NULL, '0857775775', 'Laki-laki', 'guru', NULL, NULL, NULL, 'legok hangseuri', NULL, 1, '2022-07-02 13:53:48', '2022-07-12 02:25:14', '2022-07-12 02:25:14'),
(8, NULL, 'Sani, S.Pd', 'sani@gmail.com', '$2y$10$7HQpkSHNxa8AVZkMM1.YAOHNa3tAzO0p17XlzcMXgtqvbjNiO22L6', NULL, NULL, NULL, NULL, '08598374983', 'Laki-laki', 'guru', NULL, NULL, NULL, 'lsajflajlj', NULL, 1, '2022-07-02 14:01:19', '2022-07-12 02:14:07', '2022-07-12 02:14:07'),
(9, 1, 'Tyo', 'tyo@gmail.com', '$2y$10$1If5WAQ6i3hGNu33ynb4IOh3X.1u48g/7WOOJi758DfmqgaGSkiFO', NULL, NULL, NULL, NULL, '09876543654', 'Laki-laki', 'siswa', '34343', 'ayah', '0857874777', 'kuningan', NULL, 1, '2022-07-02 15:01:05', '2022-09-12 03:01:43', '2022-09-12 03:01:43'),
(10, 13, 'Emah Hujaemah', 'emahhujaemahspdi@gmail.com', '$2y$10$4XxnALiCwza.H.So5cT9IOHH5/4FI22a6WBAN6IgYF9Ii5rvo/ztq', '4912060205017', NULL, NULL, NULL, '089655597652', 'Perempuan', 'guru', NULL, NULL, NULL, 'Dusun Puhun Rt/Rw 002/002, Cikubangmulya, Ciawigebang, Kuningan', NULL, 1, '2022-07-12 02:06:31', '2022-09-12 01:52:39', '2022-09-12 01:52:39'),
(11, 6, 'Sutrisna Muarif Habib', 'SutrisnaMuarifHabib@gmail.com', '$2y$10$gCYS8eEgzu13wPlF9tFhkOQq6gMh5tobABIs/yWj.Nn68RefHb01O', NULL, NULL, NULL, NULL, '085871515004', 'Laki-laki', 'guru', NULL, NULL, NULL, 'Dusun Ciwaringin Rt 007 Rw 003, Mekarsari, Mekarsari, Kuningan', NULL, 1, '2022-07-12 02:08:20', '2022-09-12 01:53:44', '2022-09-12 01:53:44'),
(12, 6, 'Lilis Solihat', 'lilis11solihat@gmail.com', '$2y$10$dh7QIezSa4f0fmBLNaMqg.7wHuZA7h9R8K/SaS4HBqMamvgoGoKb6', '20278540196002', NULL, NULL, NULL, '08984166992', 'Perempuan', 'guru', NULL, NULL, NULL, 'Dusun Kliwon Rt/Rw 017/005, Kalimanggiswetan, Kalimanggis, Kuningan', NULL, 1, '2022-07-12 02:09:19', '2022-09-12 01:53:55', '2022-09-12 01:53:55'),
(13, 5, 'E. Krisnawati', 'kriswati865@gmail.com', '$2y$10$E1esqfLTO5W1X.IVuHn9KO25DFOQ6RGmJ9iirm8/bd8j0.XeqYRyy', '7645761663300102', NULL, NULL, NULL, '082240618388', 'Perempuan', 'guru', NULL, NULL, NULL, 'Lingk. Lamepayung Rt/Rw 002/008, Kuningan, Kuningan, Kuningan', NULL, 1, '2022-07-12 02:10:44', '2022-09-12 01:54:02', '2022-09-12 01:54:02'),
(14, 2, 'Ega Gilang Pratama', 'egagilangpratama20@gmail.com', '$2y$10$pxomK6gRmy9hglZ2Glp9euOJWln4HsiY22HOGtHqWE9QVhsADyRrO', '5922400054021', NULL, NULL, NULL, '087723008004', 'Laki-laki', 'guru', NULL, NULL, NULL, 'Dusun 1 Rt 01 RW 01, Desa Karoya, Kecamatan Cipicung, Kabupaten Kuningan, Jawa Barat', NULL, 1, '2022-07-12 02:11:45', '2022-09-12 01:54:10', '2022-09-12 01:54:10'),
(15, 1, 'Malinda Halvabeti', 'malinda.halvabeti19@gmail.com', '$2y$10$6P8QVV1GMDUHoZs8JVMU9.t7C35FlN7Ip4weitA.s1GYFTEggP3W6', '0915630130070', NULL, NULL, NULL, '085295166077', 'Perempuan', 'guru', NULL, NULL, NULL, 'Dusun kliwon Rt/Rw 027/003, Kadugede, Kadugede, Kuningan', NULL, 1, '2022-07-12 02:12:38', '2022-09-12 01:54:23', '2022-09-12 01:54:23'),
(16, NULL, 'Aang Puad Halim', 'AangPuadHalim@gmail.com', '$2y$10$dXu/WQ.qOkkY3qyaTKeL9eNDwJ/nZSvO9E94BlkXQ4QFLa3dMhbqa', NULL, NULL, NULL, NULL, '82310244342', 'Laki-laki', 'guru', NULL, NULL, NULL, 'Dusun Puhun Rt/Rw 001/002Cikubangmulya, Ciawigebang, Kuningan', NULL, 1, '2022-07-12 02:13:35', '2022-09-12 01:54:35', '2022-09-12 01:54:35'),
(17, NULL, 'Nepi Upiah', 'NepiUpiah@gmail.com', '$2y$10$imvRe7IAZF2ihyNNUQy7POjyN0RvHq/v0ceFxH3PSBswPZdlth9WG', NULL, NULL, NULL, NULL, '087723317665', 'Perempuan', 'guru', NULL, NULL, NULL, 'Dusun Kliwon Rt/Rw 009/005, Muncangela, Cipicung, Kuningan', NULL, 1, '2022-07-12 02:18:23', '2022-09-12 01:54:44', '2022-09-12 01:54:44'),
(18, 8, 'Puang Andini', 'puangandini11@gmail.com', '$2y$10$PxWEGht3NsbfRH.qjMbGuuKGYofCDfmJH4JJl3neEtfDBPNIx7cVW', NULL, NULL, NULL, NULL, '085156517436', 'Perempuan', 'guru', NULL, NULL, NULL, 'Dusun Kliwon Rt/Rw 005/001, Cihirup, Ciawigebang, Kuningan', NULL, 1, '2022-07-12 02:21:09', '2022-09-12 01:55:02', '2022-09-12 01:55:02'),
(19, NULL, 'Deni Agusta', 'DeniAgusta@gmail.com', '$2y$10$gwn6XsR6Z5TyUsI0Qzcgxu1NpXo/GeSx6L4t4/mPrLGlz5gjw9vYu', NULL, NULL, NULL, NULL, '089656163266', 'Laki-laki', 'guru', NULL, NULL, NULL, 'Dusun Puhun RT 001 RW 002, Cikubangmulya, Ciawigebang, Kuningan', NULL, 1, '2022-07-12 02:22:00', '2022-09-12 01:55:10', '2022-09-12 01:55:10'),
(20, NULL, 'Riki Permana', 'RikiPermana@gmail.com', '$2y$10$lzZt3sbKzHMcA0Zv94H4p.ux5sKJ4o/rZwKv8ea3lkARJzgh0vRZq', NULL, NULL, NULL, NULL, '085695828320', 'Laki-laki', 'guru', NULL, NULL, NULL, 'Dusun Manis RT 004 RW 002, Cihirup, Ciawigebang, Kuningan', NULL, 1, '2022-07-12 02:22:46', '2022-09-12 01:55:29', '2022-09-12 01:55:29'),
(21, NULL, 'Tatang Nurjaman', 'TatangNurjaman@gmail.com', '$2y$10$eLMpyjv0A8zpHy05nhBPW.n2BbtGjotyxPkOwpZ7fdw2bht4JMd8G', NULL, NULL, NULL, NULL, '085794554891', 'Laki-laki', 'guru', NULL, NULL, NULL, 'Dusun Rt/Rw 012/004, Legokherang, Cilebak, Kuningan', NULL, 1, '2022-07-12 02:23:42', '2022-09-12 01:55:39', '2022-09-12 01:55:39'),
(22, 10, 'Alfian Ghofaruddin', 'alfianghofaruddin1999@gmail.com', '$2y$10$.RwniMZanDUomvfhOutedOLCwtoG0fAeI3neL6C7PrIPY4eL722gC', NULL, NULL, NULL, NULL, '083824524168', 'Laki-laki', 'guru', NULL, NULL, NULL, 'Dusun Cimulya, RT/RW 010/003, Karangkamulyan, Ciawigebang, Kuningan', NULL, 1, '2022-07-12 02:24:25', '2022-09-12 01:55:47', '2022-09-12 01:55:47'),
(23, 1, 'Vyta Sophia Muzdalifah', 'vyta@gmail.com', '$2y$10$Ckw.5qK4QDU1MXBeoNSi/O5VIxrHfM69.hrM/UGxMklvC0M6lmg9e', NULL, NULL, NULL, NULL, '081234567781', 'Perempuan', 'guru', NULL, NULL, NULL, 'Cilimus Kuningan', NULL, 1, '2022-07-13 17:40:55', '2022-07-13 17:41:32', '2022-07-13 17:41:32'),
(24, 12, 'Dede Irfan', 'dedeirfan@gmail.com', '$2y$10$pqhE2jbO/lC/1W5t3hmuaeWUe60Qffh8gW..dGMxnWEuMQXOhGsay', NULL, NULL, 'Kuningan', '2022-09-07', '081234567781', 'Laki-laki', 'siswa', '1223456477', 'Kurman', '087563537371', 'Kertaungaran, Kuningan, Jawa Barat', NULL, 1, '2022-07-14 03:22:25', '2022-09-12 03:01:49', '2022-09-12 03:01:49'),
(25, 12, 'Muhamad Farid Fadilah', 'faridgogon@gmail.com', '$2y$10$q3LCjQG7cPCeOs4JRv9K4OBy1L7hEpTimox02bdieN.mwGiDhz2lO', NULL, NULL, NULL, NULL, '086546666777', 'Laki-laki', 'siswa', '6566545456', 'Acep Purnama', '087575766712', 'Garajati, Ciwaru, Kuningan, Jawa Barat - 456466', NULL, 1, '2022-07-14 03:24:19', '2022-07-14 03:33:25', '2022-07-14 03:33:25'),
(26, 12, 'Muhamad Farid Fadilah', 'faridgogon@gmail.com', '$2y$10$kpJVvq6ePFh5fGdFaa7Mv.rav9a24M72BPWTKHPQQ7mHTenx0FcGG', NULL, NULL, NULL, NULL, '086546666777', 'Laki-laki', 'siswa', '16363737', 'Acep Purnama', '087575766712', 'Garajati, Ciwaru Kuningan', NULL, 1, '2022-07-14 03:47:30', '2022-09-12 03:01:56', '2022-09-12 03:01:56'),
(27, 12, 'Tio Muhamad Nur', 'tiomuhamadnur@gmail.com', '$2y$10$tUmGK9Sy1cBxw8uP7M2Gt.x6ndqvfrO8SKK60PBag8fyy2k9fw2Lm', NULL, NULL, NULL, NULL, '08676', 'Laki-laki', 'siswa', '588679888', 'Johari', '087875767777', 'Cilimus, Kuningan - 45556', NULL, 1, '2022-07-14 03:48:58', '2022-09-12 03:02:01', '2022-09-12 03:02:01'),
(28, 6, 'Andre Benge', 'andre@gmail.com', '$2y$10$xk1DZsMPq7TTB80yGIY.f.o4ZYGwLJn7rHl8WDGGi8lYBoZkMy6vG', NULL, NULL, NULL, NULL, '12757483939', 'Laki-laki', 'siswa', '763383637378', 'Agung', '736383389', 'Manis Kidul, Jalaksana, Kuningan', NULL, 1, '2022-07-14 05:43:05', '2022-09-12 03:02:08', '2022-09-12 03:02:08'),
(29, 12, 'Luthfi Ahmad Fadhilah', 'luth@gjahahj.com', '$2y$10$nra.SF4al5wA2qL8fsxbxegJKiK21eBhd0nShNpv/mhj9Hc2VQQ0u', NULL, NULL, NULL, NULL, '07773873', 'Laki-laki', 'siswa', '63636373', 'dhjdhdhd', '08768879778', 'ancaran', NULL, 1, '2022-07-15 14:33:32', '2022-09-12 03:02:15', '2022-09-12 03:02:15'),
(30, 1, 'Eko Aditya Susanto', 'eko@admin.com', '$2y$10$hCbtybjrpnoEq3Sn6nQrzu058S3O/RttecWyUubn1g9Hc6lim1MC6', NULL, NULL, NULL, NULL, '086546666777', 'Laki-laki', 'siswa', '1121212', 'dfsdfsdf', '3413414', 'fasfasf', NULL, 1, '2022-08-05 08:42:49', '2022-08-07 14:36:31', '2022-08-07 14:36:31'),
(31, 1, 'Eko Aditya Susanto', 'eko@admin.com', '$2y$10$w7c3dXaHan2/MA34LmKxUOKd6WzsqBdHmWMeD3LDupglGwZ6DxUP6', NULL, NULL, NULL, NULL, '16256127162172', 'Laki-laki', 'guru', NULL, NULL, NULL, 'Majalengka, Jawa Barat', NULL, 1, '2022-08-07 14:35:15', '2022-08-07 14:35:57', '2022-08-07 14:35:57'),
(32, 1, 'Eko Aditya Susanto', 'eko@admin.com', '$2y$10$gL6G4CvPtraHbDQak8JiPuHoJvtie90XyY93C3lHzDXH92cd1YOgO', NULL, '34141', 'majalengka', '1989-06-08', '23671631763', 'Laki-laki', 'siswa', '4124141', 'jalal', '83918901', 'majalengka, jawa barat', NULL, 1, '2022-08-07 14:37:28', '2022-09-12 03:02:21', '2022-09-12 03:02:21'),
(33, NULL, 'Luthfi Ahmad Fadilah', 'luthfiahmad272@gmail.com', '$2y$10$D1jgsaSCIfYFMn6EFxDMkeQyVb5Si34C9zxtPnd9cmawdX3B4EkyW', NULL, NULL, NULL, NULL, '081221215299', 'Laki-laki', 'guru', NULL, NULL, NULL, 'RT/RW 003/003, Kampung Peundeuy, Blok Puhun,  Desa/Kec. Sindang Agung, Kuningan, Jawa Barat', NULL, 1, '2022-09-12 01:23:23', '2022-09-12 01:56:16', '2022-09-12 01:56:16'),
(34, 15, 'Luthfi Ahmad Fadilah', 'luthfiahmad272@gmail.com', '$2y$10$kb4nLeykAnwxlbAYLtJVQuRqdIzYHrI2zYw5dvsdE7y1CtZvVYu8K', '20278540196001', NULL, NULL, NULL, '081221215299', 'Laki-laki', 'guru', NULL, NULL, NULL, 'RT/RW 003/003, Kampung Peundeuy, Blok Puhun, Desa/Kecamatan Sindang Agung, Kabupaten Kuningan, Jawa Barat', 'user/profile/34/202210081655', 1, '2022-09-12 02:00:11', '2022-10-08 09:55:31', NULL),
(35, 15, 'Nurkholis', 'nurkholisalfatih7@gmail.com', '$2y$10$foOiYFUpl0SDkK9yH6G/9.IhE5JzJ4q.J7swUB.lZz3ps7nAjQwo6', '20283761194001', NULL, NULL, NULL, '085520765846', 'Laki-laki', 'guru', NULL, NULL, NULL, 'RT/RW 006/001, Dusun Pahing, Desa Cikubangmulya kecamatan ciawigebang kab  Kuningan', NULL, 1, '2022-09-12 02:12:56', '2022-09-12 05:29:52', NULL),
(36, 15, 'Ega Gilang Pratama', 'egagilangpratama20@gmail.com', '$2y$10$Z0KwdR8I9jqYGj3oX8mnzuua0FIwShlY2yzSRhgwJOPsShBvxTFvG', '20278540192001', NULL, NULL, NULL, '087723008004', 'Laki-laki', 'guru', NULL, NULL, NULL, 'RT/RW 001/001, Dusun I,Desa Karoya, Kec. Cipicung, Kab. Kuningan, Jawa Barat', NULL, 1, '2022-09-12 02:15:22', '2022-09-12 05:28:33', NULL),
(37, 15, 'Emah Hujaemah', 'emahhujaemahspdi@gmail.com', '$2y$10$ZAOjoyBGav8OLTc6/vBG2ueIoDnQsK44h5TsXw0Or1w1OE6nK/JeO', '20278540191003', NULL, NULL, NULL, '089655597652', 'Perempuan', 'guru', NULL, NULL, NULL, 'RT/RW 002/002, Dusun Puhun, Desa Cikubangmulya, Kecamatan Ciawigebang, Kabupaten Kuningan, Jawa Barat', NULL, 1, '2022-09-12 02:17:43', '2022-09-12 05:29:34', NULL),
(38, 15, 'Malinda Halvabeti', 'malinda.halvabeti19@gmail.com', '$2y$10$3kPwB3NA4WZ9UKTBron96OZtyIWZ/rGPOK.bB4f9/DIck/E1pDiXy', '20278539191002', NULL, NULL, NULL, '085295166077', 'Perempuan', 'guru', NULL, NULL, NULL, 'RT/RW 001/003,Dusun Wage, Desa Cihirup Kec. Ciawigebang, Kab. Kuningan, Jawa Barat', NULL, 1, '2022-09-12 02:29:57', '2022-09-12 05:27:36', NULL),
(39, 17, 'E. Krisnawati', 'kriswati865@gmail.com', '$2y$10$08X2MVRfZOVGBl.bIxqU9.YUFrDr5myUXfEjvexl7HfPRyeLysDT.', '20212930100001', NULL, NULL, NULL, '081223080534', 'Perempuan', 'guru', NULL, NULL, NULL, 'Jln. Ir. H. Juanda no 63 Rt02/08 Lingk. Lamepayung Kuningan - 45511', NULL, 1, '2022-09-12 02:36:22', '2022-09-12 05:27:15', NULL),
(40, 19, 'Lilis Solihat', 'lilis11solihat@gmail.com', '$2y$10$lqzmVrxVXtKJ9wyIMW31GO3M2srtUOOaoYdgl/.2Y/VycZTFeiqsK', '20278540196002', NULL, NULL, NULL, '08984166992', 'Perempuan', 'guru', NULL, NULL, NULL, 'RT/RW 017/005, Dusun Ciluwuk, Desa Kalimanggis Wetan, Kecamatan Kalimanggis, Kabupaten Kuningan, Jawa Barat', NULL, 1, '2022-09-12 02:39:38', '2022-09-12 05:29:17', NULL),
(41, NULL, 'Riki Permana', 'permanariki548@gmail.com', '$2y$10$ygMd9/ezjuVtS3MKroMYY.IdsZVfgs2J8OdWmtxL3q2xFi6kK.vtS', NULL, NULL, NULL, NULL, '085695828320', 'Laki-laki', 'guru', NULL, NULL, NULL, 'Dusun Manis, Jalan Cihirup Arah Wanasaraya, RT.4/RW.2, Desa Cihirup, Kec.Ciawigebang Kab.Kuningan', NULL, 1, '2022-09-12 02:43:39', '2022-09-12 02:43:39', NULL),
(42, NULL, 'Deni Agusta', 'deniagusta22@gmail.com', '$2y$10$iw4GjmKcTpSQjFEfFhqThOgu7r8Y.rY2/8ytxW4uJ1c1Zx8Qglg6q', NULL, NULL, NULL, NULL, '089656163266', 'Laki-laki', 'guru', NULL, NULL, NULL, 'Dusun Puhun RT 001 RW 002 Desa Cikubangmulya Kec.Ciawigebang Kab.Kuningan', NULL, 1, '2022-09-12 02:46:05', '2022-09-12 02:46:05', NULL),
(43, 1, 'Abu Hapsin', 'abuhapsin25@gmail.com', '$2y$10$3gnGBx3Bh9ieE9n2GZOn8.fpV.di.7xUCsZvzQ/Po3szCLwi2MyVi', NULL, NULL, NULL, NULL, '082217153717', 'Laki-laki', 'guru', NULL, NULL, NULL, 'Dusun Kliwon RT. 003 RW. 001 Desa Cihirup Kec. Ciawigebang Kab. Kuningan', 'userfile/profil/202209130739', 1, '2022-09-12 02:51:46', '2022-09-13 00:39:24', NULL),
(44, 10, 'Alfian Ghofaruddin', 'alfianghofaruddin1999@gmail.com', '$2y$10$R32T3fPWKk9GrxB7KJSw0OlpPr0nEK6eIePoiBnRn9OPMfbrnKaU2', NULL, NULL, NULL, NULL, '083824524168', 'Laki-laki', 'guru', NULL, NULL, NULL, 'Dusun Cimulia, Rt 10 Rw 03, Desa Karangkamulyan, Kec. Ciawigebang Kab. Kuningan, Prov. Jawa Barat', NULL, 1, '2022-09-12 03:00:16', '2022-09-12 03:00:16', NULL),
(45, 16, 'Nepi Upiah', 'nepiupiah57@gmail.com', '$2y$10$pg1t.4pz659F343pvMYL4OOzx7Jqz/OvjHyzDW0metdmBAkRnNmw.', '202837581940001', NULL, NULL, NULL, '087723317665', 'Perempuan', 'guru', NULL, NULL, NULL, 'RT/RW 009/005, Dusun Kliwon, Desa Muncangela, Kecamatan Cipicung, Kabupaten Kuningan, Jawa Barat', NULL, 1, '2022-09-12 04:14:46', '2022-09-12 04:22:32', NULL),
(46, 22, 'Tatang Nurjaman', 'tatang@gmail', '$2y$10$MNgW4EQE4ky6YuLk2098Hut98X9UQ0HVjJt425OWPXhGPqGJQQOli', '20278540193002', NULL, NULL, NULL, '085794554891', 'Laki-laki', 'guru', NULL, NULL, NULL, 'Kabupaten Kuningan, Jawa Barat', NULL, 1, '2022-09-12 04:17:13', '2022-09-12 05:28:57', NULL),
(47, 15, 'Aang Fuad Halim', 'fuadhalim57@gmail.com', '$2y$10$/hIGBC7wKio3tribJSavjulAVLtvcumxjFCDfYOuZyX9KOJdEprwC', NULL, NULL, NULL, NULL, '082310244342', 'Laki-laki', 'guru', NULL, NULL, NULL, 'RT/RW 001/002, Dusun Puhun, Desa Cikubangmulya, Kecamatan Ciawigebang, Kabupaten Kuningan, Jawa Barat', NULL, 1, '2022-09-12 04:18:28', '2022-09-12 05:25:06', NULL),
(48, 20, 'Puang Andini', 'puangandini11@gmail.com', '$2y$10$i/qmZ79Qze/97sYneEMm8OE/AS60TMxCaePrQez1pzMMMcGT9LT/6', NULL, NULL, NULL, NULL, '085151567436', 'Perempuan', 'guru', NULL, NULL, NULL, 'RT/RW 005/001, Dusun Kliwon, Desa Cihirup, Kecamatan Ciawigebang, Kabupaten Kuningan, Jawa Barat', NULL, 1, '2022-09-12 04:20:23', '2022-09-12 04:20:23', NULL),
(49, NULL, 'Sutrisna Muarif Habib', 'SutrisnaMuarifHabib@gmail.com', '$2y$10$RGHOOCWjQfHYUJ1PJb5nsOrCG.D8CDkdYCZZapL7rWpKk0y6LTEAS', NULL, NULL, NULL, NULL, '085871515004', 'Laki-laki', 'guru', NULL, NULL, NULL, 'Kecamatan Maleber, Kabupaten Kuningan, Jawa Barat', NULL, 1, '2022-09-12 04:27:11', '2022-09-12 04:27:11', NULL),
(50, 15, 'a', 'a', '$2y$10$pl0dcAIZ3SbfZuMa1WzsJ.GJNaf2bILJ3n1Kuw2cH5S/.HH0q9Stm', NULL, '1', 'a', '2022-09-10', '1', 'Laki-laki', 'siswa', '1', 'a', 'a', 'a', NULL, 1, '2022-09-12 04:31:10', '2022-09-27 05:03:20', '2022-09-27 05:03:20'),
(51, 16, 'b', 'b', '$2y$10$6BusZvp7PsVP83wHJW8.9.28.HJHGKdEEunxnPH6QWUP0Dxt3CKKq', NULL, '2', 'b', '2022-09-10', '2', 'Laki-laki', 'siswa', '2', NULL, 'b', 'b', NULL, 1, '2022-09-12 04:31:36', '2022-09-27 05:50:03', '2022-09-27 05:50:03'),
(52, 17, 'c', 'c', '$2y$10$Vpg7ybFWVlWMOSx8lUIFIu22M/QU5d0WL8xdkxQXwy9lxGgK69xOa', NULL, '3', 'c', '2022-09-15', '3', 'Laki-laki', 'siswa', '3', 'c', '3', 'c', NULL, 1, '2022-09-12 04:32:01', '2022-09-27 05:51:00', '2022-09-27 05:51:00'),
(53, 18, 'd', 'd', '$2y$10$YQUGoTv.VM6ZAIugZulkIe4e7QxlkwTtsZ0rD9J6wYgxzpVqkh97i', NULL, '4', 'd', '2022-09-29', '4', 'Laki-laki', 'siswa', '4', 'd', 'd', 'd', NULL, 1, '2022-09-12 04:32:23', '2022-09-27 06:48:34', '2022-09-27 06:48:34'),
(54, 19, 'e', 'e', '$2y$10$6KsXrupMsx8NBN6PFNDzBOpktgrOD51NJ397.zlyBNghGxh2X0r36', NULL, '5', 'e', '2022-09-23', '5', 'Laki-laki', 'siswa', '5', 'e', 'e', 'e', NULL, 1, '2022-09-12 04:32:59', '2022-09-27 07:01:09', '2022-09-27 07:01:09'),
(55, 20, 'f', 'f', '$2y$10$vY6uCpI7zY6bu4QCNFibf.ld6mg.38ns6SyHEjOM4LFHH/qPlbkYC', NULL, '6', 'f', '2022-09-09', '6', 'Laki-laki', 'siswa', '6', 'f', '6', 'f', NULL, 1, '2022-09-12 04:33:27', '2022-09-27 07:22:30', '2022-09-27 07:22:30'),
(56, 21, 'g', 'g', '$2y$10$M4xyenV9wyCO39X7OTCcruydWD4B6V.YFcNH727v.e.lQm09xWJoa', NULL, '7', 'g', '2022-09-08', '7', 'Laki-laki', 'siswa', '7', 'g', 'g', 'g', NULL, 1, '2022-09-12 04:33:51', '2022-09-27 07:37:10', '2022-09-27 07:37:10'),
(57, 22, 'h', 'h', '$2y$10$8XvCRrK/fjyTLIKxgKG7r.32TJA1zcOLjp3o0YWM6oDn3L.FxqeaW', NULL, '8', 'h', '2022-09-16', '8', 'Laki-laki', 'siswa', '8', 'h', 'h', 'h', NULL, 1, '2022-09-12 04:34:20', '2022-09-27 07:42:07', '2022-09-27 07:42:07'),
(58, 15, 'AFREZA JALALLUDIN RUMI', 'afreza1212@gmail.com', '$2y$10$wnmxTUr8ihJqWtz7CgWDOe9Pw69w8XaDY1WWtC6UrvbaeuCv4R9T6', NULL, '2102032707100002', 'Kuningan', '2010-07-27', '085776411235', 'Laki-laki', 'siswa', '18190302', 'Slamet', '085776411235', 'Dusun Kaliwon, RT/RW 01/01, Desa Cihirup, Kecamatan Ciawigebang, Kuningan', NULL, 1, '2022-09-27 05:01:38', '2022-10-04 01:28:36', NULL),
(59, 15, 'AHMAD HAIKAL', 'h', '$2y$10$lxqcLwce5JOsBZfJqz8kvuBSUe59E3mUiyhLIQw/R5DIMP3ce46SG', NULL, '3208101002100002', 'Kuningan', '2010-02-10', '9', 'Laki-laki', 'siswa', '0104585518', 'Tisna', '083829052583', 'Dusun Kaliwon, RT/RW 03/01, Desa Cihirup, Kecamatan Ciawigebang, Kabupaten Kuningan', NULL, 1, '2022-09-27 05:02:22', '2022-10-04 02:30:28', NULL),
(60, 15, 'AULIA NUFUS SALSABILA', 'g', '$2y$10$xY7A2mMe7UIk0yMzwqPfkuAvWe7j5grGithA3csUJE8r8hpJlYWMW', NULL, '0', 'Kuningan', '2008-12-27', '0', 'Perempuan', 'siswa', '0', 'Rahmat', 'g', 'Dusun Manis, RT/RW 05/01, Desa Pamijahan, Kecamatan Ciawigebang, Kabupaten Kuningan', NULL, 1, '2022-09-27 05:04:23', '2022-10-04 01:34:40', NULL),
(61, 15, 'DIKI MAULANA SIDKI', 'g', '$2y$10$l83z6wMYJo2lVLst6M93UuMCqAdvWLESjz4HqUY4hQ7uZ1mPblQEW', NULL, '3208100104090000', 'g', '2009-04-01', '0', 'Laki-laki', 'siswa', '0', 'Nurahim', 'g', 'RT/RW 10/02, Desa Dukuh Dalem, Kecamatan Ciawigebang, Kabupaten Kuningan', NULL, 1, '2022-09-27 05:05:32', '2022-10-04 01:36:42', NULL),
(62, 15, 'DWI YANTI KAMILA SANTOSO', 'dwiyanti19789@gmail.com', '$2y$10$OY3.fRxQdsiutrg4ZXhqiukcj0zpXzj/fsH8rs2IDz3xXGcT4eLV6', NULL, '3208103902100001', 'Kuningan', '2010-02-19', '081573186205', 'Perempuan', 'siswa', '0105176661', 'Joko', '081573186205', 'Dusun Pahing, RT/RW 02/01, Desa Cikubangmulya, Kecamatan Ciawigebang, Kabupaten Kuningan', NULL, 1, '2022-09-27 05:06:43', '2022-10-04 01:40:10', NULL),
(63, 15, 'HUSNA KHOIRUL ATHIYYAH', 'g', '$2y$10$lU6rWBbGBoDf45Jewo0wyetr9qewXjSj183nPoO2TA3zqDG9/Zw4O', NULL, '3208104712090002', 'Kuningan', '2009-12-07', '085795019992', 'Perempuan', 'siswa', '0091188671', 'Rasjan', '085795019992', 'Dusun Kaliwon, RT/RW 03/01, Desa Cihirup, Kecamatan Ciawigebang, Kabupaten Kuningan', NULL, 1, '2022-09-27 05:08:00', '2022-10-04 01:42:18', NULL),
(64, 15, 'IBNU ARIF HAMDANI', 'ibnu4525@gmail.com', '$2y$10$5sHlKbfR9Xlx1rYsDmNGpuImg3bdQuUuFCTjkFfeqbYkPDarHf3Ey', NULL, '0', 'Kuningan', '2010-01-06', '088218010671', 'Laki-laki', 'siswa', '0', 'Wardi', '081573764067', 'Dusun Pahing, RT/RW 02/01, Desa Cikubangmulya, Kecamatan Ciawigebang, Kabupaten Kuningan', NULL, 1, '2022-09-27 05:08:47', '2022-10-04 01:45:44', NULL),
(65, 15, 'IMA MAU LIDIA', 'g', '$2y$10$UBmCT2P/hU6AQ.rDx4lUGepEzB25rA74fbEEGErWwTpYG06yp/9hm', NULL, '3208276903090001', 'Kuningan', '2009-03-29', '0', 'Perempuan', 'siswa', '3097763665', 'Asep Idi', '081573764067', 'Dusun Kaliwon, Desa Kalimanggis Wetan, Kecamatan Kalimanggis', NULL, 1, '2022-09-27 05:09:33', '2022-10-04 02:32:23', NULL),
(66, 15, 'MOHAMAD ADAM MAULANA', 'g', '$2y$10$.aa42xRMMEjb1PJpsDSH0ODdrbLWL2JxvbXjIUY1VuuxNXB7H5nFi', NULL, '3208100703100004', 'Kuningan', '2009-10-19', '0', 'Laki-laki', 'siswa', '0', 'Muslih', 'g', 'Dusun Kaliwon, RT/Rw 03/01, Desa Cihirup Kecamatan Ciawigebang, Kabupaten Kuningan', NULL, 1, '2022-09-27 05:13:06', '2022-10-04 01:52:24', NULL),
(67, 15, 'MUHAMAD FAZRUL ANAM', 'g', '$2y$10$qHIeJGk5YmVEJihdmQgJ5Of21jp4M2nbmJrz2uPWJ.0xZgHRmgumq', NULL, '3208101910090001', 'Kuningan', '2009-10-19', '0', 'Laki-laki', 'siswa', '0094534381', 'Juhri', 'g', 'Dusun Pahing, Desa Cikubangmulya, Kabupaten Kuningan', NULL, 1, '2022-09-27 05:13:49', '2022-10-04 02:34:28', NULL),
(68, 15, 'MUHAMMAD ILHAM MUBAROK', 'g', '$2y$10$5/EOKfsx2X7DgfSXGq5QUe35J71EasJ5KM.hEgdZOgmXI899QDyQi', NULL, '0', 'Kuningan', '2010-03-25', '083856053488', 'Laki-laki', 'siswa', '0', 'Jamaludin', 'g', 'Dusun Kaliwon, RT/Rw 03/01, Desa Cihirup, Kecamatan Ciawigebang, Kabupaten Kuningan', NULL, 1, '2022-09-27 05:14:27', '2022-10-04 02:13:07', NULL),
(69, 15, 'MUHAMMAD RAFLI', 'g', '$2y$10$z72FlXI/sGV4vHjbyrltuey/T5pwdsh45rYw18/yoO0Cz9LfJs7cW', NULL, '3208042408090002', 'Kuningan', '2009-08-24', '083824920128', 'Laki-laki', 'siswa', '0098691386', 'Tarya', '0857211191714', 'Dusun Puhu, RT/RW 16/06, Desa Andamui, Kecamatan Ciwaru, Kabupaten Kuningan', NULL, 1, '2022-09-27 05:15:13', '2022-10-04 02:35:27', NULL),
(70, 15, 'MUTIARA PUTRI RAMADANI', 'g', '$2y$10$xNqFPlOxiQgiDE66GfWhuOhmJyJAqG9Wtw4iaPSsLfbJaHe/T2BEO', NULL, '3208105503080002', 'Kuningan', '2008-09-15', '0', 'Perempuan', 'siswa', '00082741509', 'Suhendi', '083866313030', 'Dusun Manis, RT/RW 04/01, Desa Pamijahan, Kecamatan Ciawigebang, Kabupaten Kuningan', NULL, 1, '2022-09-27 05:15:45', '2022-10-04 02:36:21', NULL),
(71, 15, 'NAZWA AULIA', 'na0122434@gmail.com', '$2y$10$ArmeixPn9KLig4saBlZq0eOn7q/KD/qBE7csYY9nxEbSVpZrwtuKW', NULL, '3208105312090000', 'Kuningan', '2009-12-13', '0881023060259', 'Perempuan', 'siswa', '0', 'Sapin', '082312327339', 'Dusun Kliwon RT/RW 003/002 Desa Cihirup Kecamatan Ciawigebang, Kabupaten Kuningan', NULL, 1, '2022-09-27 05:16:39', '2022-10-04 03:04:30', NULL),
(72, 15, 'NOVITA NURAINI', 'novitanuraini790@gmail.com', '$2y$10$Gveu3jGxFyxnAGieC1LqD.dBU7.qjFq2ruVQikii.GWDbJ/2ml4mu', NULL, '32081006311090003', 'Kuningan', '2009-11-23', '087847464474', 'Perempuan', 'siswa', '0', 'Sarwa', '087847464474', 'Dusun Kliwon RT/RW 003/001 Desa Cihirup Kecamatan Ciawigebang, Kabupaten Kuningan', NULL, 1, '2022-09-27 05:17:13', '2022-10-04 03:06:07', NULL),
(73, 15, 'RADITYA TRI FAIRUZZABADI', 'g', '$2y$10$DTuZm79kZBEV9nFvUcGf5OgA19TbfGuff9tjTPidoXSuWvZ4Q.eU.', NULL, '3208111410090004', 'Kuningan', '2009-11-23', '08223518865', 'Laki-laki', 'siswa', '0', 'SAHRUN', '088223518865', 'Dusun Cilimus RT/RW 002/001 Desa Cihideunghilir kec. Cidahu kab kuningan', NULL, 1, '2022-09-27 05:26:31', '2022-10-04 03:05:27', NULL),
(74, 15, 'RAFA RIZKY ADITYA', 'g', '$2y$10$xBkccvZDE4wF8oGEp6a9uO.HolHq8R.u.rdFXnfXq4qGsNbXRxEyu', NULL, '0', 'Kuningan', '2022-09-21', '0', 'Laki-laki', 'siswa', '0', 'WARDI', 'g', 'Desa CIijoho RT/RW 07/05 Kuningan', NULL, 1, '2022-09-27 05:27:11', '2022-10-04 02:41:30', NULL),
(75, 15, 'RIDO NUGRAHA', 'g', '$2y$10$b7ZFgtsU6uwGK/cky58fhOb6c.Rx/6F/0eatxr8OloNlny7JSX6aK', NULL, '3208093012090002', 'Kuningan', '2009-12-30', '0', 'Laki-laki', 'siswa', '0092974389', 'JAENUDIN', '089653202772', 'Perum Korpri Blok C RT/RW 015-006 Ds. Cigintung Kecamatran Kuningan Kabupaten Kuningan', NULL, 1, '2022-09-27 05:28:02', '2022-10-04 02:44:34', NULL),
(76, 15, 'RIZAL', 'g', '$2y$10$NYOWgSspxrrGTF9weDkT2.YrXiQa5MiLvrhakKaCpdCm.Q3OzlYiO', NULL, '3208101611090004', 'Kuningan', '2009-11-16', '085353825355', 'Laki-laki', 'siswa', '0', 'Suhani', 'g', 'Dusun Kliwon RT/RW 005/001 Desa Cihirup Kecamatan Ciawigebang Kabupaten Kuningan 45593', NULL, 1, '2022-09-27 05:28:42', '2022-10-04 02:46:45', NULL),
(77, 15, 'ROFFI MUHAMMAD RIZKI', 'rofimuhammad394@gmail.com', '$2y$10$VIhlKto2LrtUupXjErdYE.aZPBF/C7j1WwaTkXh9iUPfVlDH7Go8W', NULL, '3208102605090000', 'Kuningan', '2009-05-26', '0', 'Laki-laki', 'siswa', '3099428096', 'Hayat', '083824760111', 'Dusun Dukuh RT/RW 010/002 Desa dukuh dalem Kecamatan Ciawigwbang Kabupaten Kuningan', NULL, 1, '2022-09-27 05:29:08', '2022-10-04 02:48:49', NULL),
(78, 15, 'SIFA SITI FATONAH', 'sifa_siti_fatonah@icloud.com', '$2y$10$0hyn1nty/uGH7ppmajkPguooI5DKL8OeI5IdIyVsLAFNnKyg/N7VC', NULL, '3208105502100002', 'Kuningan', '2010-02-15', '0', 'Perempuan', 'siswa', '0108663158', 'Tarham', '082133802139', 'Dusun kliwon RT.003 RW.001 Desa Cihirup Kecamatan Ciawigebang Kabupaten Kuningan', NULL, 1, '2022-09-27 05:29:39', '2022-10-04 02:51:47', NULL),
(79, 15, 'SITI MAEMUNAH', 'g', '$2y$10$yxGWIMR/1svSxhvYIzq8seDHGHfIQdb46WB4Bkmlg6ZUhGbuK12Qe', NULL, '3208106112090006', 'Kuningan', '2009-12-21', '0', 'Perempuan', 'siswa', '0097801962', 'Karti', 'g', 'Dusun Kliwon RT/RW 003/003 Desa Sukadana Kecamatan Ciawigebang Kabupaten Kuningan', NULL, 1, '2022-09-27 05:30:12', '2022-10-04 03:04:00', NULL),
(80, 15, 'SRI CANTIK', 'g', '$2y$10$yJNjtmQN3fz6Gvc.E1Cc2eU0KVGE56Rrl8sp5WOstwg5rScJJvS62', NULL, '3208106209090001', 'Kuningan', '2009-09-22', '0', 'Perempuan', 'siswa', '0093658324', 'Wawan', 'g', 'Dusun kliwon RT/RW 002/001 Desa Cihirup kecamatan Ciawigebang Kabupaten Kuningan', NULL, 1, '2022-09-27 05:30:48', '2022-10-04 03:07:11', NULL),
(81, 15, 'WINDY OCTA AULIA', 'g', '$2y$10$wxBFkNwrlTDgZETTWPqXVOFlrhWM6MLdxUa5V3i.KH4yZxHWhVhIu', NULL, '3208106010100003', 'Kuningan', '2010-10-20', '0', 'Perempuan', 'siswa', '0104737148', 'Didi Jumadi', '085864001614', 'Dusun Hulu desa  RT/RW 002/001 Desa Pajawanlor Kecamatan Ciaiwgebang, kabupaten Kuningan', NULL, 1, '2022-09-27 05:32:05', '2022-10-04 03:07:58', NULL),
(82, 16, 'AHMAD MUHTASOR ZIDAN', 'g', '$2y$10$mmypo7Z139Al9xwWGQQNG.cU90XLkWAZAtt8uSAVz.9Q55GXfINvq', NULL, '0', 'Cirebon', '2009-06-09', '085759875465', 'Laki-laki', 'siswa', '0', 'Marzuki', '087829106841', 'Ambit, Waled, Cirebon', NULL, 1, '2022-09-27 05:32:45', '2022-10-05 01:16:24', NULL),
(83, 16, 'ALIF RIZKI PIRDAUS', 'g', '$2y$10$IQLNxmlyNJ6dKyaNAZG5DOxG23kXB7Yi/zaIrjPGoFWDZe7HY60Ua', NULL, '0', 'Kuningan', '2008-02-18', '0838898006769', 'Laki-laki', 'siswa', '0', 'Rohadi', '083865223595', 'Desa Mekarsari, Kecamatan Maleber, Kabupaten Kuningan', NULL, 1, '2022-09-27 05:35:31', '2022-10-05 01:19:27', NULL),
(84, 16, 'ANDIKA', 'g', '$2y$10$0MNS7jJ/64/GC8t7Y4jB5uqDMlCEix.s.0w3HuxeBi.7YKpt9BRYu', NULL, '0', 'Jakarta', '2008-02-11', '0', 'Laki-laki', 'siswa', '0', 'M. Zainudin', '081280571196', 'Cempaka Putih Barat, Cempaka Putih, Jakarta Pusat, Provinsi DKI Jakarta', NULL, 1, '2022-09-27 05:36:39', '2022-10-05 01:27:54', NULL),
(85, 16, 'ANGGA SETIA BUDI', 'g', '$2y$10$f0fxFEHpV7Agzjl.OaIPhu/GjVr8UqwO8AayKsFWIQ5Vtp3J50Vsq', NULL, '0', 'Kuningan', '2022-09-11', '0', 'Laki-laki', 'siswa', '0', 'g', 'g', 'c', NULL, 1, '2022-09-27 05:37:20', '2022-09-27 05:37:20', NULL),
(86, 16, 'EKA PRASETIO HADI', 'g', '$2y$10$blpe7lnAFW/w1kfzrdlOwOTk917uWQgtMq5uVHvIRcq6RYC3fNk4y', NULL, '0', 'Kuningan', '2022-09-07', '0', 'Laki-laki', 'siswa', '0', 'g', 'g', 'c', NULL, 1, '2022-09-27 05:39:35', '2022-09-27 05:39:35', NULL),
(87, 16, 'HAMZAH ALFANSURI', 'g', '$2y$10$DHer4wQQl6W2XgF5mDqQhOSvxsnk5C0D.gp8/e5XZUIlUFfOQM0.O', NULL, '0', 'Kuningan', '2022-09-10', '0', 'Laki-laki', 'siswa', '0', 'g', 'g', 'f', NULL, 1, '2022-09-27 05:40:15', '2022-09-27 05:40:15', NULL),
(88, 16, 'M.RIZKI YANA ASPARI', 'g', '$2y$10$dBHnI94njYHCA5x3XoN.0.3oQ88M.7TH0I/jiztBGjg/QPddshrPG', NULL, '0', 'Kuningan', '2008-11-12', '0', 'Laki-laki', 'siswa', '0', 'Hafidz', 'g', 'Desa Cikubangmulya, Kecamatan Ciawigebang, Kabupaten Kuningan', NULL, 1, '2022-09-27 05:41:40', '2022-10-05 01:30:31', NULL),
(89, 16, 'MUHAMAD JALALUDIN', 'g', '$2y$10$3bouUBPGz7nqHH7ft35J3eiMsWhlIwKejFbkpJHbUYoZCcJ10Z9pa', NULL, '0', 'Kuningan', '2022-09-23', '0', 'Laki-laki', 'siswa', '0', 'g', 'g', 'd', NULL, 1, '2022-09-27 05:42:28', '2022-09-27 05:42:28', NULL),
(90, 16, 'MUHAMMAD ABDUL GOFFUR', 'g', '$2y$10$PgYQzb.BaM1idfkx4RM4i.8ySyZNW/vIbQ6ZRMpA/QAPGKasfDtgm', NULL, '0', 'Kuningan', '2008-11-16', '0', 'Laki-laki', 'siswa', '0086173461', 'Ganda', 'g', 'Dusun Puhun Rt/Rw 005/002 Desa Cikubangmulya Kec. Ciawigebang Kab. Kuningan', NULL, 1, '2022-09-27 05:43:11', '2022-10-05 01:33:31', NULL),
(91, 16, 'MUHAMMAD FACHRY AWALUDIN', 'g', '$2y$10$45PglXR6O9OyW/thTJj4n.k8RY9cl/I4G4BQ6t/2dnabCP22YJReG', NULL, '0', 'Kuningan', '2008-10-01', '0', 'Laki-laki', 'siswa', '0086446736', 'O. Irawan', '081317593345', 'Desa Citikur Kec. Ciwaru Kab. Kuningan', NULL, 1, '2022-09-27 05:43:48', '2022-10-05 01:35:54', NULL),
(92, 16, 'MUHAMMAD FACHRY AWALUDIN', 'g', '$2y$10$UFcLvV0Mo5oJgcXGZesI9.yhdOrKSO71PSloqpJ0vmjvx.3MACYHO', NULL, '0', 'Kuningan', '2022-08-31', '0', 'Laki-laki', 'siswa', '0', 'g', 'g', 'd', NULL, 1, '2022-09-27 05:43:55', '2022-10-05 01:36:56', '2022-10-05 01:36:56'),
(93, 16, 'MUHAMMAD WAHYU TRI RAHAYU', 'g', '$2y$10$YZGxSW7msAEtT8Qa6DzLveoh4Ioa7/7YaDL1SzhDeAeu7KY5ZH4Em', NULL, '0', 'Kuningan', '2009-06-22', '0', 'Laki-laki', 'siswa', '0094548471', 'Satim', 'g', 'Dusun Puhun Rt/Rw 005/002, Desa Cikubangmulya, Kec. Ciawigebang, Kab. Kuningan', NULL, 1, '2022-09-27 05:44:26', '2022-10-05 01:38:46', NULL),
(94, 16, 'RANDIKA DWI FAIRUZZABADI', 'g', '$2y$10$sB5IULZYRlMbOXTkJc5J6uVaRC.BBoTOqeYJ7hI2cHC/4G1H3b.vC', NULL, '0', 'Kuningan', '2022-09-15', '0', 'Laki-laki', 'siswa', '0088528721', 'Sarun', 'g', 'Dusun Cilimus Desa Cihideunghilir kec. Cidahu Kab. Kuningan', NULL, 1, '2022-09-27 05:45:32', '2022-10-05 01:40:40', NULL),
(95, 16, 'RIO SEPTIANI', 'g', '$2y$10$1kKMdhJHQUOH9WEeHsQR1u0fLs69.36UNABSrxhHkzeWQx.XQe1UW', NULL, '0', 'Kuningan', '2009-04-14', '0', 'Laki-laki', 'siswa', '0091217155', 'Juneri', 'g', 'Dusun Pahing Rt/Rw 001/001 Desa Cikubangmulya Kec. Ciawigebang Kab. Kuningan', NULL, 1, '2022-09-27 05:46:02', '2022-10-05 01:42:18', NULL),
(96, 16, 'RIO SEPTIANI', 'g', '$2y$10$P5m31LrUcUEup5ibHDlf2unBuxjCdYh5sGiynmyFl4OSw5du4BGLC', NULL, '0', 'Kuningan', '2022-09-07', '0', 'Laki-laki', 'siswa', '0', 'g', 'g', 's', NULL, 1, '2022-09-27 05:46:11', '2022-10-05 01:42:49', '2022-10-05 01:42:49'),
(97, 16, 'RIZHEN', 'g', '$2y$10$F/kGOXktQagYtT4CoW/dX.oVfcfjyxZ8LJOkttg.4lj0psU6IpBxG', NULL, '0', 'Lampung', '2010-04-22', '0', 'Laki-laki', 'siswa', '0', 'Rizki', '081270619552', 'Perum Melati Garden 2, Blok O nomor 7, Batam', NULL, 1, '2022-09-27 05:47:11', '2022-10-05 01:44:59', NULL),
(98, 16, 'WISNU SETIAWAN', 'g', '$2y$10$yV9ddMN9i/4Ma.E7XWoEmeiXk07/EODwB36p8RHP5dm6ODauEuEzS', NULL, '0', 'Kuningan', '2009-02-21', '0', 'Laki-laki', 'siswa', '0095067916', 'Otong Andi', 'g', 'Dusun Pahing Rt/Rw 003/001 Desa Cikubangmulya Kec. Ciawigebang Kab. Kuningan', NULL, 1, '2022-09-27 05:47:59', '2022-10-05 01:46:51', NULL),
(99, 16, 'YOGA FRIYANTO', 'g', '$2y$10$iU9Jr7R1M9JIWuQEpZo2j.wPtFSDHBf/qcposYsFTeOzOlja1WrzO', NULL, '0', 'Kuningan', '2008-08-29', '0', 'Laki-laki', 'siswa', '0081931592', NULL, '082258269941', 'Dusun Pahing Rt/Rw 007/002 Desa Wanasaraya Kec. Kalimanggis Kab. Kuningan', NULL, 1, '2022-09-27 05:48:42', '2022-10-05 01:48:46', NULL),
(100, 16, 'YUSUF MAULANA IBRAHIM', 'g', '$2y$10$EUo2HaBHwpr2tN5a7guKReY8OfewFmF7eJBXsmHp7D.dYTCt5IwIu', NULL, '0', 'Kuningan', '2008-05-26', '0', 'Laki-laki', 'siswa', '0089103143', 'Alibin Sahli', '085224499356', 'Desa Kadurama Kec. Ciawigebang Kab. Kuningan', NULL, 1, '2022-09-27 05:49:15', '2022-10-05 01:50:46', NULL),
(101, 17, 'ANA ANISATUL MUTOHAROH', 'g', '$2y$10$3pGBzUHBTutKlvgRu.KMCO.7SHi4C2KrdhAP7GrdJ1Ny58SL.C38G', NULL, '0', 'Kuningan', '2008-08-28', '0', 'Perempuan', 'siswa', '3084562036', 'Tedi', '082118093934', 'Dusun Ciwaringin Rt/Rw 007/003 Desa Mekarsari Kec. Maleber Kab. Kuningan', NULL, 1, '2022-09-27 05:50:40', '2022-10-05 01:56:31', NULL),
(102, 17, 'CAHYANI', 'Cahyanianggi005@gmail.com', '$2y$10$jgTAvzIHyOTdqR.9bgvNOek0zpPzL8ZlZsL3z.KGQR2JeyYpoVUqy', NULL, '3208276402090002', 'Kuningan', '2009-02-24', '0882118093934', 'Perempuan', 'siswa', '0093364236', 'Dana Juhari', '0882118093934', 'Dusun Manis Rt/Rw 002/001 Desa Wanasaraya Kec.  Kalimanggis Kab. Kuningan', NULL, 1, '2022-09-27 05:51:52', '2022-10-05 02:03:52', NULL),
(103, 17, 'DITA OKTAFIA', 'Odita0457@gmail.com', '$2y$10$cKmwadGD7zR2KjgxSbEYt.BCP8dHPXWF7zWmJo6e37ieGqiV4HQcu', NULL, '3208275510080001', 'Kuningan', '2022-09-09', '0', 'Perempuan', 'siswa', '0082484765', 'Wahda', 'g', 'Dusun Pahing Rt/Rw 002/001 Desa Cikubangmulya Kec. Ciawigebang Kab. Kuningan', NULL, 1, '2022-09-27 06:01:08', '2022-10-05 02:07:32', NULL),
(104, 17, 'ELSA SALSABILA', 'g', '$2y$10$ASwh6BMtOSecezh6Axx72.YFjXKohTa1ZU3gq9ePaJELMZpov5dqy', NULL, '3208115505090001', 'Kuningan', '2009-05-15', '083836358999', 'Perempuan', 'siswa', '0098907746', 'Kasda', '081911650732', 'Dusun Wage Rt/Rw 001/004 Desa Cihideunggirang Kec. Cidahu Kab. Kuningan', NULL, 1, '2022-09-27 06:05:51', '2022-10-05 02:10:10', NULL),
(105, 17, 'ERICA FEBRIAN SARI', 'arsyafathanrafkha@gmail.com', '$2y$10$ToeICaIDcTZL/VhJt.jOf.Y8Ml0wc2wtj4.fkjsj7bklXofm.DoOS', NULL, '0', 'Kuningan', '2008-02-05', '088225968233', 'Perempuan', 'siswa', '0081052285', 'Sukirno', 'g', 'RT/RW 07/02, Desa Wanasaraya, Kecamatan, Kalimanggis, Kabupaten Kuningan', NULL, 1, '2022-09-27 06:06:51', '2022-10-05 02:15:44', NULL),
(106, 17, 'HUSNATUL AINI', 'g', '$2y$10$WpmbEySyqDTWdocoJ3yNH.zEQht4sZSGVoA0jdudKgOxCrBXkuAiu', NULL, '3209015907090001', 'Cirebon', '2009-07-19', '082225185018', 'Perempuan', 'siswa', '0098640489', 'Nurcahya Riyadi', '082225185018', 'Dusun IV Rt/Rw 015/014 Desa Cikulak Kec. Waled Kab. Cirebon', NULL, 1, '2022-09-27 06:07:22', '2022-10-05 02:18:19', NULL),
(107, 17, 'INTAN CAHYA KAMILA', 'g', '$2y$10$fskd/WtHKmotVokm8upmFebZuf3upQiqA3DaJ.aMCFJzu.Aoxs92K', NULL, '0', 'Kuningan', '2008-12-30', '0', 'Perempuan', 'siswa', '0083982699', 'Ukar Duskarno', 'g', 'Dusun Pahing Rt/Rw 007/001 Desa Cikubangmulya Kec. Ciawigebang Kab. Kuningan', NULL, 1, '2022-09-27 06:07:51', '2022-10-05 02:20:26', NULL),
(108, 17, 'KANAYA PUTRI ANGGRAINI', 'g', '$2y$10$QU7zR8X20wNdQWC.wquj/uB1E0F9pNTpPpAQezJoxKFbuyqInBHLS', NULL, '0', 'Jakarta', '2009-02-23', '0', 'Perempuan', 'siswa', '0092869256', 'Misnan Suharjono', '081288075881', 'Desa Susukan Kec. Cipicung Kab. Kuningan', NULL, 1, '2022-09-27 06:08:29', '2022-10-05 02:22:43', NULL),
(109, 17, 'MAISA MUSLIMATUS SALIMAH', 'g', '$2y$10$Gp6ijNBGCyyHHQk5zfZp5eSXeqofvjybc5sNimw3YM4LUbAX84Pl6', NULL, '3208115306090003', 'Kuningan', '2009-06-13', '08818397945', 'Perempuan', 'siswa', '0097329231', 'Tarmudi', '08882895759', 'Dusun Wage Rt/Rw 003/004 Desa Cihideunggirang Kec. Cidahu Kab. Kuningan', NULL, 1, '2022-09-27 06:10:00', '2022-10-05 02:26:45', NULL),
(110, 17, 'MEMES INDRIANI', 'memesindriyani@gmai.com', '$2y$10$Zh7gHgkozN5GhUwoe4XHBeLQvcJeIxxxCyaTTqeQ0ISX5Dibs46.q', NULL, '3208041110780006', 'Kuningan', '2008-09-03', '0085724057315', 'Perempuan', 'siswa', '0086419359', 'Casidi', '0085724057315', 'Dusun Wage Rt/Rw 020/007 Desa Andamui Kec. Ciwaru Kab. Kuningan', NULL, 1, '2022-09-27 06:10:35', '2022-10-05 03:04:48', NULL),
(111, 17, 'NAISILA AMALIA SALSABILA', 'g', '$2y$10$qrbk0c2aUKLdE9r8qW6CXeeHvVp1t/movznZC6MaVVSVAW98w7EMK', NULL, '0', 'Kuningan', '2022-09-10', '0', 'Perempuan', 'siswa', '0', 'g', 'g', 'z', NULL, 1, '2022-09-27 06:11:04', '2022-09-27 06:11:04', NULL),
(112, 17, 'NUR AENI', 'g', '$2y$10$IhOK5OK7LKh1wWKumc.wJ.kctbRwhjrB4ZwUc9lBt4HHpFJhh8a6O', NULL, '0', 'Kuningan', '2022-09-16', '0', 'Perempuan', 'siswa', '0', 'g', 'g', 'x', NULL, 1, '2022-09-27 06:11:40', '2022-09-27 06:11:40', NULL),
(113, 17, 'NUR AENI', 'g', '$2y$10$CRmuZuLI1Z/LqeOZaYcbNOnppfjMNs1hrucbEna0qkURa.23YVSt6', NULL, '0', 'Kuningan', '2022-09-16', '0', 'Perempuan', 'siswa', '0', 'g', 'g', 'x', NULL, 1, '2022-09-27 06:11:41', '2022-09-27 06:11:41', NULL),
(114, 17, 'NUR HASANAH', 'g', '$2y$10$0uRDAmbmpExnGxdFQ/pEFOgz4kSPLma3lrS/4XQjmMSjj7lokyTI6', NULL, '0', 'Kuningan', '2022-09-11', '0', 'Perempuan', 'siswa', '0', 'g', 'g', 'x', NULL, 1, '2022-09-27 06:12:15', '2022-09-27 06:12:15', NULL),
(115, 17, 'NURI MAULIDA FAJRIAH', 'g', '$2y$10$iLzgm9BkF29zRpAiJI2LAuGwQkUzbkBTMrjQglbG47g3Lyv.0el8C', NULL, '0', 'Kuningan', '2022-09-24', '0', 'Perempuan', 'siswa', '0', 'g', 'g', 'c', NULL, 1, '2022-09-27 06:13:36', '2022-09-27 06:13:36', NULL),
(116, 17, 'SARAH DWI ALIANI', 'g', '$2y$10$MHHeGFpsBvSkgNRlktRZO.XWMBLTHBP9DUSW8wksCqQIoIZoiaJTy', NULL, '0', 'Kuningan', '2022-09-02', '0', 'Perempuan', 'siswa', '0', 'g', 'g', 'c', NULL, 1, '2022-09-27 06:32:51', '2022-09-27 06:32:51', NULL),
(117, 17, 'SITI HANINA', 'g', '$2y$10$DonoKGBPw1yYPkHg3MXV5eqphje7FofEy6L1nTUpGVfQzuLUsrnhO', NULL, '0', 'Kuningan', '2022-09-15', '0', 'Perempuan', 'siswa', '0', 'g', 'g', 'xc', NULL, 1, '2022-09-27 06:34:15', '2022-09-27 06:34:15', NULL),
(118, 17, 'SITI HANINA', 'g', '$2y$10$CvMHcWBESnHepuqlAenVC.fUkJoPna.VV/0W7PRQ2RBQIZBSpiwCW', NULL, '0', 'Kuningan', '2022-09-15', '0', 'Perempuan', 'siswa', '0', 'g', 'g', 'xc', NULL, 1, '2022-09-27 06:34:17', '2022-09-27 06:35:16', '2022-09-27 06:35:16'),
(119, 17, 'SITI HANINA', 'g', '$2y$10$gmsXwfzeoU8yZY6QkTr42u24xiIMuVsmx3CxQ4qgpVrzni/dLuko6', NULL, '0', 'Kuningan', '2022-09-15', '0', 'Perempuan', 'siswa', '0', 'g', 'g', 'xc', NULL, 1, '2022-09-27 06:34:20', '2022-09-27 06:34:42', '2022-09-27 06:34:42'),
(120, 17, 'SITI MAISATUL ZAHRA', 'g', '$2y$10$Pm/IrOssPU3aLHXtGRKO4OVVmtRHiv64qLwhhqnN5eQ.8J3sUpgoW', NULL, '0', 'Kuningan', '2022-09-24', '0', 'Perempuan', 'siswa', '0', 'g', 'g', 'c', NULL, 1, '2022-09-27 06:43:32', '2022-09-27 06:43:32', NULL),
(121, 17, 'SITI NAILA MUSTAGIMAH', 'g', '$2y$10$3RevmVnf8S9Md1c9CgKKN.7iFaJbe.H1A9NqYTZPE/TU1msRZup3K', NULL, '0', 'Kuningan', '2022-09-15', '0', 'Perempuan', 'siswa', '0', 'g', 'g', 'b', NULL, 1, '2022-09-27 06:44:17', '2022-09-27 06:44:17', NULL),
(122, 17, 'SITI SOFIYATUL MAOLA', 'g', '$2y$10$4jpqf0wtUnUsw8V1Rl2osuk7UzS23u4jKcjPbnPoTo1qQH.wmqLr2', NULL, '0', 'Kuningan', '2022-09-14', '0', 'Perempuan', 'siswa', '0', 'g', 'g', 'c', NULL, 1, '2022-09-27 06:45:10', '2022-09-27 06:45:10', NULL),
(123, 17, 'SUCI AMELIA', 'g', '$2y$10$dvW9kuvtugbrNIGcjEaWSeQaDuVQrOPnNwyERSmCjollJg6bOMNDm', NULL, '0', 'Kuningan', '2022-09-18', '0', 'Perempuan', 'siswa', '0', 'g', 'g', 'c', NULL, 1, '2022-09-27 06:45:56', '2022-09-27 06:45:56', NULL),
(124, 17, 'VINA APRIYANI', 'g', '$2y$10$vElR7WFgozwvmgp3F2ncpusKYxq/sy70Y7C0wNUSLqOAtQY7TTAvq', NULL, '0', 'Kuningan', '2022-09-09', '0', 'Perempuan', 'siswa', '0', 'g', 'g', 'c', NULL, 1, '2022-09-27 06:46:33', '2022-09-27 06:46:33', NULL),
(125, 17, 'WINDA', 'g', '$2y$10$uIgCKcAI/U5Y.01AtErJiOzhqh8GulIHFs/qH/nndm32wnMYpmCJe', NULL, '0', 'Kuningan', '2022-09-17', '0', 'Perempuan', 'siswa', '0', 'g', 'g', 'v', NULL, 1, '2022-09-27 06:47:01', '2022-09-27 06:47:01', NULL),
(126, 18, 'ADAM ADITIYA FIRMANSYAH', 'g', '$2y$10$Q3NvLgwTbv.cbf6qiE8RCeI7bQD09aQB6mimoyDSKW.Fa41yWlAy2', NULL, '0', 'Kuningan', '2022-09-17', '0', 'Laki-laki', 'siswa', '0', 'g', 'g', 'c', NULL, 1, '2022-09-27 06:47:28', '2022-09-27 06:47:28', NULL),
(127, 18, 'ALAMSYAH', 'g', '$2y$10$bPEz1OQz8eSkS7Gy2kF15.AXYYmGkopINq35RF8QPYLWVn5yFjtwG', NULL, '0', 'Kuningan', '2022-09-15', '0', 'Laki-laki', 'siswa', '0', 'g', 'g', 'c', NULL, 1, '2022-09-27 06:48:00', '2022-09-27 06:48:00', NULL),
(128, 18, 'ARDI', 'g', '$2y$10$dBY.8VhHNpjLwVOtPxnh4OppGEX/MSpqm0072vzCMfKULa1P4nRVG', NULL, '0', 'Kuningan', '2022-09-22', '0', 'Laki-laki', 'siswa', '0', 'g', 'g', 'c', NULL, 1, '2022-09-27 06:48:24', '2022-09-27 06:48:24', NULL),
(129, 18, 'DAFIT PRADIFTIA PRATAMA', 'g', '$2y$10$eZx8w6aX5owfvxlDR9d11ucmi6GaA059Om9ZXQGTQIX0fT4GeRgEa', NULL, '0', 'Kuningan', '2022-09-15', '0', 'Laki-laki', 'siswa', '0', 'g', 'g', 'v', NULL, 1, '2022-09-27 06:49:05', '2022-09-27 06:49:05', NULL),
(130, 18, 'HILMAN HAIBATUR RAHMAN', 'g', '$2y$10$xfYCJO8pnSyVA1cZJB/2O.wG/UspJZWcyA/472IvBgsSqqWjnQmSy', NULL, '0', 'Kuningan', '2022-10-05', '0', 'Laki-laki', 'siswa', '0', 'g', 'g', 'c', NULL, 1, '2022-09-27 06:50:08', '2022-09-27 06:50:08', NULL),
(131, 18, 'INDRA NUGRAHA', 'g', '$2y$10$92eZcxS.nbOa9N1Tz.qkFO94TNtJvcNxLWIaWDnTIxNpxXKLrkXUa', NULL, '0', 'Kuningan', '2022-09-17', '0', 'Laki-laki', 'siswa', '0', 'g', 'g', 'c', NULL, 1, '2022-09-27 06:51:16', '2022-09-27 06:51:16', NULL),
(132, 18, 'IRFAN SAEPUL MI\'LAR', 'g', '$2y$10$U0gv8P43qWA32D/izW3O8On4TDRpQ1CNUMhvZcFq4hay6d52fz7hi', NULL, '0', 'Kuningan', '2022-09-16', '0', 'Laki-laki', 'siswa', '0', 'g', 'g', 'c', NULL, 1, '2022-09-27 06:51:43', '2022-09-27 06:51:43', NULL),
(133, 18, 'MAULANA ZUHAL', 'g', '$2y$10$brd9zGSA.RAvJdJdMZPYye4zEHvOWt41lTbYZejdKbJIeQ5TgZibC', NULL, '0', 'Kuningan', '2022-09-12', '0', 'Laki-laki', 'siswa', '0', 'g', 'g', 'c', NULL, 1, '2022-09-27 06:52:08', '2022-09-27 06:52:08', NULL),
(134, 18, 'MUHAMAD AINUN NAJIB', 'g', '$2y$10$RaKje6aFBx1Z7xbE2h59rOALhz0tN60IqQpX3SRLoLP3SOzUtKZqa', NULL, '0', 'Kuningan', '2022-09-23', '0', 'Laki-laki', 'siswa', '0', 'g', 'g', 'c', NULL, 1, '2022-09-27 06:52:32', '2022-09-27 06:52:32', NULL),
(135, 18, 'MUHAMAD FAREHANUDIN', 'g', '$2y$10$zWv0OWCh5pK97yeTPBlhGeIuXfop/abtJKX5DRSU7brNvHT974cI.', NULL, '0', 'Kuningan', '2022-09-24', '0', 'Laki-laki', 'siswa', '0', 'g', 'g', 'xc', NULL, 1, '2022-09-27 06:53:03', '2022-09-27 06:53:03', NULL),
(136, 18, 'MUHAMMAD IZZAMZAM HAKIM', 'g', '$2y$10$wIls/AzRMxTDgshwgg/iJuOfSMt.LdZkdv1250Z4i9Xa2JlITseX.', NULL, '0', 'Kuningan', '2022-09-22', '0', 'Laki-laki', 'siswa', '0', 'g', 'g', 'c', NULL, 1, '2022-09-27 06:53:34', '2022-09-27 06:53:34', NULL),
(137, 18, 'MUHAMAD IQBAL PRAMANA', 'g', '$2y$10$chhAo.npGVQm6akrz3jCkuMbBWjUSpt9bW.4KSGqPKTZjSjcZAEiK', NULL, '0', 'Kuningan', '2022-09-03', '0', 'Laki-laki', 'siswa', '0', 'g', 'g', 'xc', NULL, 1, '2022-09-27 06:54:19', '2022-09-27 06:54:19', NULL),
(138, 18, 'MUHAMAD SAEPI AZHAR', 'g', '$2y$10$JdTjQYGk168wCODmOgxg4uWSOS3ruH.PVPgBzdC4I3wG/hL8YLTK2', NULL, '0', 'Kuningan', '2022-09-11', '0', 'Laki-laki', 'siswa', '0', 'g', 'g', 'c', NULL, 1, '2022-09-27 06:55:05', '2022-09-27 06:55:05', NULL),
(139, 18, 'MUHAMAD SAEFUL HADI', 'g', '$2y$10$SF1Cy/ahMFpOxGYkiPMX5e0h0yGgRK8kROhj2U3x3DuhM4ZfgCvTO', NULL, '0', 'Kuningan', '2022-09-24', '9', 'Laki-laki', 'siswa', '0', 'g', 'g', 'c', NULL, 1, '2022-09-27 06:55:38', '2022-09-27 06:55:38', NULL),
(140, 18, 'MUHAMMAD ZAENAL ABIDIN', 'g', '$2y$10$vdaHJHf66MR3EJOcFhFWJep57veoWl4aqo4SS0hv5HoqEEqOlUEkC', NULL, '0', 'Kuningan', '2022-09-02', '0', 'Laki-laki', 'siswa', '9', 'g', 'g', 'c', NULL, 1, '2022-09-27 06:56:13', '2022-09-27 06:56:13', NULL),
(141, 18, 'NAPIS HAIRUROHMAN', 'g', '$2y$10$3/5KT77qCeBzUPS8b2zLSOfoDQiQCtEhp1IXcx6sOpPpE5NHopD16', NULL, '0', 'Kuningan', '2022-09-11', '0', 'Laki-laki', 'siswa', '0', 'g', 'g', 'xc', NULL, 1, '2022-09-27 06:56:46', '2022-09-27 06:56:46', NULL),
(142, 18, 'PANDU PUTRA PRATAMA', 'g', '$2y$10$qJvbt7uciL.FTUe5De.b8uCjQsnqYrT4amGkKb02TtxZkG5VkBtpS', NULL, '0', 'Kuningan', '2022-09-10', '0', 'Laki-laki', 'siswa', '0', 'g', 'g', 'c', NULL, 1, '2022-09-27 06:57:56', '2022-09-27 06:57:56', NULL),
(143, 18, 'SIGIT SOLEHUDIN', 'g', '$2y$10$C8xVkyyVQqJn9vIwPlSzIOBirBFIiGyxsBiZKThnbo.BzKm9Ru0xK', NULL, '0', 'Kuningan', '2022-09-15', '0', 'Laki-laki', 'siswa', '0', 'g', 'g', 'c', NULL, 1, '2022-09-27 06:58:33', '2022-09-27 06:58:33', NULL),
(144, 18, 'TRIO AGUNG RAMADHAN', 'g', '$2y$10$cmPquYQJ9pfhXa3Ke41HSeMWq.QPq.x.US5lJadn7DRRx8/OMIIm2', NULL, '0', 'Kuningan', '2022-09-16', '0', 'Laki-laki', 'siswa', '0', 'g', 'g', 'c', NULL, 1, '2022-09-27 06:59:36', '2022-09-27 06:59:36', NULL),
(145, 18, 'YOGA EKA PRADANA', 'g', '$2y$10$LGrljswDupzFOqvPkYjwuutor9D6FIHL1xv/BpX9fFd064h7ZCbGm', NULL, '0', 'Kuningan', '2022-09-15', '0', 'Laki-laki', 'siswa', '0', 'g', 'g', 'c', NULL, 1, '2022-09-27 07:00:13', '2022-09-27 07:00:13', NULL),
(146, 19, 'ANGITA AZKA RIFFANI', 'g', '$2y$10$Kvgk2hKPExU2pz2Qmu9R/.cCF1dgOtaqgMuUs.1B4VF/XxQMVyYeq', NULL, '0', 'Kuningan', '2022-09-22', '0', 'Perempuan', 'siswa', '0', 'g', 'g', 'v', NULL, 1, '2022-09-27 07:00:46', '2022-09-27 07:00:46', NULL),
(147, 19, 'CUCU ATUT KOSIAH', 'g', '$2y$10$GpIcj.fG1uIBgvX3AGmDs.CQ8JALAVLiplsjcIfUmsOI91KK812ri', NULL, '0', 'Kuningan', '2022-09-18', '0', 'Perempuan', 'siswa', '0', 'g', 'g', 'c', NULL, 1, '2022-09-27 07:01:39', '2022-09-27 07:01:39', NULL),
(148, 19, 'DEVITA ADISTYA', 'g', '$2y$10$2RcHtjibFybdXnnAnBp8xeMwKa0FCfAKIZxKjd1oW05sVuMnoovPq', NULL, '0', 'Kuningan', '2022-09-16', '0', 'Perempuan', 'siswa', '0', 'g', 'g', 'c', NULL, 1, '2022-09-27 07:02:05', '2022-09-27 07:02:05', NULL),
(149, 19, 'DHEA AULIA PUTERI', 'g', '$2y$10$X4IABqfUm4vD8KWuAz3IcuRoqokWUPGDIGnlBbt4W7ngmW8XVybL.', NULL, '0', 'Kuningan', '2022-09-16', '0', 'Perempuan', 'siswa', '0', 'g', 'g', 'c', NULL, 1, '2022-09-27 07:02:58', '2022-09-27 07:02:58', NULL),
(150, 19, 'DILA AGUSTIN', 'g', '$2y$10$nQiQZp6TVX/jU9GDplsQpONBilIYtHw5uxEd7NaIqILGQg8rbdunG', NULL, '0', 'Kuningan', '2022-09-10', '0', 'Perempuan', 'siswa', '0', 'g', 'g', 'c', NULL, 1, '2022-09-27 07:03:24', '2022-09-27 07:03:24', NULL),
(151, 19, 'FITRI HANIPATUL ZAHRA', 'g', '$2y$10$T2J4XYQm2P.G5UWLx4YIEeHZ2WEeDSejaYbXq7CBBY60UdAu6Y5RW', NULL, '0', 'Kuningan', '2022-09-18', '0', 'Perempuan', 'siswa', '0', 'g', 'g', 'c', NULL, 1, '2022-09-27 07:03:54', '2022-09-27 07:03:54', NULL),
(152, 19, 'HIMMATUL ALIYYAH', 'g', '$2y$10$R8opaW.r7H9yvr3Rzsf4KeYak0f8UXIhALW0LKi6HdaprQpajmQlK', NULL, '0', 'Kuningan', '2022-09-02', '0', 'Perempuan', 'siswa', '0', 'g', 'g', 'c', NULL, 1, '2022-09-27 07:05:37', '2022-09-27 07:05:37', NULL),
(153, 19, 'INDRIYANI', 'g', '$2y$10$/8T5irxMKixYf6hXGyhw8e4v1KBqjnlHovJTbkkx8A5ApexDAcCPi', NULL, '0', 'Kuningan', '2022-09-16', '0', 'Perempuan', 'siswa', '0', 'g', 'g', 'c', NULL, 1, '2022-09-27 07:06:24', '2022-09-27 07:06:24', NULL),
(154, 19, 'INNES ARDIYANTI', 'g', '$2y$10$HnCq/vCYEZQTA9ULFwA1KuwmUUximUCLVGWxLd4bI5ys7Hg2gghhW', NULL, '0', 'Kuningan', '2022-09-18', '0', 'Perempuan', 'siswa', '0', 'g', 'g', 'c', NULL, 1, '2022-09-27 07:06:54', '2022-09-27 07:06:54', NULL),
(155, 19, 'JIHAN FAIHA AQILA', 'g', '$2y$10$DoJrx6hCe06JHpgGIybFO.QPFKeyRUzu5iJnfuTjDIAVYU4Mkim7e', NULL, '0', 'Kuningan', '2022-10-03', '0', 'Perempuan', 'siswa', '0', 'g', 'g', 'c', NULL, 1, '2022-09-27 07:07:21', '2022-09-27 07:07:21', NULL),
(156, 19, 'MALIHATUNNISA UTAMI', 'g', '$2y$10$zxxx7.YuDDAGVBubcVJvsusMG5wHujxKfXnzAHW8BbV06ql2Pe71.', NULL, '0', 'Kuningan', '2022-09-17', '0', 'Perempuan', 'siswa', '0', 'g', 'g', 'c', NULL, 1, '2022-09-27 07:07:57', '2022-09-27 07:07:57', NULL),
(157, 19, 'NAILA ZULFA RAHMI', 'g', '$2y$10$RprztmqybIJ36ICQFRVSAede78E93OrbXsZrcSz6Nme8h.MSWqpR2', NULL, '0', 'Kuningan', '2022-09-16', '0', 'Perempuan', 'siswa', '9', 'g', 'g', 'c', NULL, 1, '2022-09-27 07:08:54', '2022-09-27 07:08:54', NULL),
(158, 19, 'NOVITA', 'g', '$2y$10$Sq8pCNgJFLmoN3AzTaWhJ.1mG7CEAZxzjLuuVyHV4FPGFQKIs.Rn.', NULL, '0', 'Kuningan', '2022-09-24', '0', 'Perempuan', 'siswa', '0', 'g', 'g', 'c', NULL, 1, '2022-09-27 07:09:22', '2022-09-27 07:09:22', NULL),
(159, 19, 'NUR NURJANAH', 'g', '$2y$10$NZivxyrIDxgFTZ17THqjuOOyN0sqb421E26dupKVTLdAM44FBXG..', NULL, '9', 'Kuningan', '2022-09-03', '0', 'Perempuan', 'siswa', '0', 'g', 'g', 'xc', NULL, 1, '2022-09-27 07:09:43', '2022-09-27 07:09:43', NULL),
(160, 19, 'NURAENI', 'g', '$2y$10$uocjkblSgYBCc.MVZ9NxweHiEN081sksKDOGRjFXI1VTe1BuAkArK', NULL, '0', 'Kuningan', '2022-09-22', '0', 'Perempuan', 'siswa', '0', 'g', 'g', 'c', NULL, 1, '2022-09-27 07:10:08', '2022-09-27 07:10:08', NULL),
(161, 19, 'PIRA RAMADANI', 'g', '$2y$10$5DJHhkCuDelFDOPdwdfkj.PEh7nJ2CJTCwCx.PD00FvzoaQurpK/W', NULL, '0', 'Kuningan', '2022-09-18', '0', 'Perempuan', 'siswa', '0', 'g', 'g', 'c', NULL, 1, '2022-09-27 07:10:31', '2022-09-27 07:10:31', NULL),
(162, 19, 'PUTRI NAZWA KHOIRUNISA', 'g', '$2y$10$xRyWe0LyXT1MoZ/XEvYK.OWdi8LGiGUk5ISAMOhWwQzQYM9rUcMwa', NULL, '0', 'Kuningan', '2022-09-21', '9', 'Perempuan', 'siswa', '0', 'g', 'g', 'c', NULL, 1, '2022-09-27 07:11:02', '2022-09-27 07:11:02', NULL),
(163, 19, 'RIRIN ARYATI', 'g', '$2y$10$SNq3Ah0gRA0Z3gVjarEgw.ymkt650nh18WSVOglEKylhtGSLjuMg2', NULL, '0', 'Kuningan', '2022-09-09', '0', 'Perempuan', 'siswa', '0', 'g', 'g', 'c', NULL, 1, '2022-09-27 07:11:28', '2022-09-27 07:11:28', NULL),
(164, 19, 'SHELA MARSELINA', 'g', '$2y$10$.nlpqJJfnTYQ12rvQJmUHuWMXaxTTrFyMaoU1ZBEnAxTPqPBLpqz.', NULL, '0', 'Kuningan', '2022-09-20', '0', 'Perempuan', 'siswa', '0', 'g', 'g', 'c', NULL, 1, '2022-09-27 07:11:57', '2022-09-27 07:11:57', NULL),
(165, 19, 'SINDIAWATI', 'g', '$2y$10$4UAkdUuFSPk0TSr2ey11CuhtTpJcgUAYj8VTjNfQQ30hMiQzwgt/O', NULL, '0', 'Kuningan', '2022-09-17', '0', 'Perempuan', 'siswa', '0', 'g', 'g', 'v', NULL, 1, '2022-09-27 07:14:01', '2022-09-27 07:14:01', NULL),
(166, 19, 'SITI JULAEHA', 'g', '$2y$10$ctwmO8cfSDwMg5CmPgcLZeExXk70jQ0l0sOP.JtPa3OX0oAFNNF26', NULL, '0', 'Kuningan', '2022-09-17', '0', 'Perempuan', 'siswa', '0', 'g', 'g', 'v', NULL, 1, '2022-09-27 07:14:28', '2022-09-27 07:14:28', NULL);
INSERT INTO `users` (`id`, `class_id`, `name`, `email`, `password`, `nip`, `nik`, `born_at`, `birthday`, `phone`, `gender`, `role`, `nisn`, `father_name`, `parent_phone`, `address`, `photo`, `status`, `created_at`, `updated_at`, `deleted_at`) VALUES
(167, 19, 'SITI KHOIRIYAH', 'g', '$2y$10$rHXmUuyMhSJM5L4nRSmN/O2sjGmC9u0WN.ZHoigKDXXloVWDmyake', NULL, '0', 'Kuningan', '2022-09-13', '0', 'Perempuan', 'siswa', '0', 'g', 'g', 'c', NULL, 1, '2022-09-27 07:14:59', '2022-09-27 07:14:59', NULL),
(168, 19, 'SOPIAH', 'g', '$2y$10$esmGd4rRDk6t65tY1OIT7eXQ8uleVJEcjowue6sHqUEbwxDOQeOLe', NULL, '0', 'Kuningan', '2022-09-17', '0', 'Perempuan', 'siswa', '0', 'g', 'g', 'c', NULL, 1, '2022-09-27 07:15:47', '2022-09-27 07:15:47', NULL),
(169, 19, 'SRI AMELIA LAILA', 'g', '$2y$10$jjQrqDoUEPog5dpSWf.TVuFQXnKgdvmU2/EYIzDoLK2vbv.H.DQdW', NULL, '0', 'Kuningan', '2022-09-01', '0', 'Perempuan', 'siswa', '0', 'g', 'g', 'c', NULL, 1, '2022-09-27 07:16:55', '2022-09-27 07:16:55', NULL),
(170, 19, 'SRI DEVINA ASSHIFA', 'g', '$2y$10$3K7cOiIMctyNfU.YxUJo9e90bbK7obDxh1DXrVjUA2FmgUT6VKnrW', NULL, '0', 'Kuningan', '2022-09-16', '0', 'Perempuan', 'siswa', '0', 'g', 'g', 'c', NULL, 1, '2022-09-27 07:17:32', '2022-09-27 07:17:32', NULL),
(171, 19, 'SRI FITRIANI MAOLA', 'g', '$2y$10$HO2POawXpWCrnPkPI8seyOi3HKlapNFYXOEJzxsmpJxHuA0xQDCvG', NULL, '0', 'Kuningan', '2022-09-10', '0', 'Perempuan', 'siswa', '0', 'g', 'g', 'c', NULL, 1, '2022-09-27 07:18:19', '2022-09-27 07:18:19', NULL),
(172, 19, 'TRI HAPSARIWULANDARI', 'g', '$2y$10$t/IhqLnvmwzypuW16rAUsukKiWhAU0Ha8ESd16UvMagSHmlbXAUza', NULL, '0', 'Kuningan', '2022-09-22', '0', 'Perempuan', 'siswa', '0', 'g', 'g', 'c', NULL, 1, '2022-09-27 07:18:46', '2022-09-27 07:18:46', NULL),
(173, 19, 'WULAN CAYA NINGRUM', 'g', '$2y$10$mK7eGXbT2PmzhlibRw19/e.rVicKpPktZentbiedFBLW0WwrHPeUa', NULL, '0', 'Kuningan', '2022-09-24', '0', 'Perempuan', 'siswa', '0', 'g', 'g', 'c', NULL, 1, '2022-09-27 07:19:21', '2022-09-27 07:19:21', NULL),
(174, 19, 'YULIANDARI', 'g', '$2y$10$gErmVMzU9xeIRqVvhmLThOwyAuvPg/jF..KD2Z8PME.CNlmAQ7L4a', NULL, '0', 'Kuningan', '2022-09-08', '0', 'Perempuan', 'siswa', '0', 'g', 'g', 'c', NULL, 1, '2022-09-27 07:19:49', '2022-09-27 07:19:49', NULL),
(175, 19, 'YULIS TRI ADITIYA', 'g', '$2y$10$ctrpl4sBe0clWLxLzd4BmubmzVUadbt1B3.lV0ix1Ll3IhRQEIhSS', NULL, '0', 'Kuningan', '2022-09-24', '0', 'Perempuan', 'siswa', '0', 'g', 'g', 'b', NULL, 1, '2022-09-27 07:20:34', '2022-09-27 07:20:34', NULL),
(176, 19, 'ZAHIDAH AILSA ZAHRA', 'g', '$2y$10$32dkaC1WTgheMaaPCPL1Pe4wfSNnyVY.MNUBetI9T1OjP67yKTjOu', NULL, '0', 'Kuningan', '2022-09-16', '0', 'Perempuan', 'siswa', '0', 'g', 'g', 'c', NULL, 1, '2022-09-27 07:20:58', '2022-09-27 07:20:58', NULL),
(177, 20, 'AGUNG SETIA BUDI', 'g', '$2y$10$ppoCv1kpbGyNKlgCCGfrsuw1gyx/1XmLBHe0FrVNdCQ0jU.lHL1Zq', NULL, '0', 'Kuningan', '2022-09-15', '0', 'Laki-laki', 'siswa', '0', 'g', 'g', 'c', NULL, 1, '2022-09-27 07:21:42', '2022-09-27 07:21:42', NULL),
(178, 20, 'ALISA SITI MUDRIKAH', 'g', '$2y$10$J/DzRV3owZ1poqvjoGFgrOziQT3p6.Mc.wJFRR6IvYMR0m81Fhhvq', NULL, '0', 'Kuningan', '2022-09-07', '0', 'Perempuan', 'siswa', '0', 'g', 'g', 'c', NULL, 1, '2022-09-27 07:22:12', '2022-09-27 07:22:12', NULL),
(179, 20, 'FALDHI NUR ZAMAN', 'g', '$2y$10$gmmv9Bgtgh5VwpZb..kt3ugAAAoPuuQKuNtwNwPdeorhNqn6K/pgu', NULL, '0', 'Kuningan', '2022-09-03', '0', 'Laki-laki', 'siswa', '0', 'g', 'g', 'c', NULL, 1, '2022-09-27 07:23:08', '2022-09-27 07:23:08', NULL),
(180, 20, 'FARIL HIDAYAT PUTRA', 'g', '$2y$10$uAp99P5IUkAWZ6C7uVcBge/TZGMDr9zT2RDnSkryVcjgMC1sFpq8e', NULL, '0', 'Kuningan', '2022-09-14', '0', 'Laki-laki', 'siswa', '0', 'g', 'g', 'c', NULL, 1, '2022-09-27 07:23:35', '2022-09-27 07:23:35', NULL),
(181, 20, 'FITRI', 'g', '$2y$10$cMi8J1B0TnF3rRO53edJUOjK0mt04ueixQYZtyZZi1q462I1ppRiO', NULL, '0', 'Kuningan', '2022-09-17', '0', 'Perempuan', 'siswa', '0', 'g', 'g', 'c', NULL, 1, '2022-09-27 07:24:05', '2022-09-27 07:24:05', NULL),
(182, 20, 'MAULANA FIRMAN SHIDDIQ', 'g', '$2y$10$jIIB2yPLYkaTTKY6u9RGtetGsqZZHdNqElEFJNHidXT1jPRoJNRUS', NULL, '0', 'Kuningan', '2022-09-17', '0', 'Laki-laki', 'siswa', '0', 'g', 'g', 'c', NULL, 1, '2022-09-27 07:24:35', '2022-09-27 07:24:35', NULL),
(183, 20, 'MI\'RAJUL IMAN', 'g', '$2y$10$XUH4LAahe3WO2bIAygF5sOylRE9aPkX.hVZ7fM1QurOeJVocc7vbi', NULL, '0', 'Kuningan', '2022-09-17', '0', 'Laki-laki', 'siswa', '0', 'g', 'g', 'c', NULL, 1, '2022-09-27 07:25:08', '2022-09-27 07:25:08', NULL),
(184, 20, 'MOHAMAD ALFATH SULAEMAN', 'g', '$2y$10$sDDHaMXR0XEh6vRBHXVPD.vf8ZVclVq8VGhn96/jQ4aVONexAmUwO', NULL, '0', 'Kuningan', '2022-09-24', '0', 'Laki-laki', 'siswa', '0', 'g', 'g', 'c', NULL, 1, '2022-09-27 07:25:37', '2022-09-27 07:25:37', NULL),
(185, 20, 'MUHAMAD NURHAMZAH', 'g', '$2y$10$aXkvLSSX/cp6saFI1PM1c.VjFakImtV/uNqjJTDHbRGRQwVcn54CC', NULL, '0', 'Kuningan', '2022-09-08', '0', 'Laki-laki', 'siswa', '0', 'g', 'g', 'c', NULL, 1, '2022-09-27 07:26:06', '2022-09-27 07:26:06', NULL),
(186, 20, 'MUHAMMAD AS\'ADU ROFIQ', 'g', '$2y$10$N1uaJG1MYaOB24/mjDsj.e1Ait/uvjlGcwRKnmSW08cXk4KSRiYPa', NULL, '0', 'Kuningan', '2022-09-15', '0', 'Laki-laki', 'siswa', '0', 'g', 'g', 'c', NULL, 1, '2022-09-27 07:26:34', '2022-09-27 07:26:34', NULL),
(187, 20, 'MUHAMMAD HAFIDZ RAMADHAN', 'g', '$2y$10$Q6wDZFf8Bwu5egyP2aiN0O/9dn7Cb8/mgXugY70vuHUCyS7qU0pUK', NULL, '0', 'Kuningan', '2022-09-13', '0', 'Laki-laki', 'siswa', '0', 'g', 'g', 'h', NULL, 1, '2022-09-27 07:27:47', '2022-09-27 07:27:47', NULL),
(188, 20, 'MUHAMMAD RAMADHANI', 'g', '$2y$10$ibV87sVIIZ8ssMb.XVuGqOezKJaZcwuWLsl1Bxf9O3XzHS1Xh8ywy', NULL, '0', NULL, '2022-09-10', '0', 'Laki-laki', 'siswa', '0', 'g', 'g', 'c', NULL, 1, '2022-09-27 07:28:27', '2022-09-27 07:28:27', NULL),
(189, 20, 'MU\'MINATUL MAULA', 'g', '$2y$10$kkvaLZvY/R3OvNKGeiDy/.f4n4WIEf89fusfxktb865vPcUSzlqza', NULL, '0', 'Kuningan', '2022-09-12', '0', 'Perempuan', 'siswa', '0', 'g', 'g', 'x', NULL, 1, '2022-09-27 07:29:07', '2022-09-27 07:29:07', NULL),
(190, 20, 'SALWA AZZAHRO', 'g', '$2y$10$sNyAR58V9GrB3zlSTkpQzug0nNrSUncEO/RFB..zzisP0GOGSuqd.', NULL, '0', 'Kuningan', '2022-09-18', '0', 'Perempuan', 'siswa', '0', 'g', 'g', 'c', NULL, 1, '2022-09-27 07:30:06', '2022-09-27 07:30:06', NULL),
(191, 20, 'SITI MAESAROH', 'g', '$2y$10$Df7GOixlDJ4eie1dZskqyuzgYZyRAbv6C3mt00Ov.x69ZYJ6CurVG', NULL, '0', 'Kuningan', '2022-09-08', '0', 'Perempuan', 'siswa', '0', 'g', 'g', 'c', NULL, 1, '2022-09-27 07:30:37', '2022-09-27 07:30:37', NULL),
(192, 20, 'SITI NUR ALAWIYAH', 'g', '$2y$10$yuBv3cArYtmXQ1qQM87.6e/KmRwbAPQ.S3d7rcOaVL78zlfMtpyLe', NULL, '0', 'Kuningan', '2022-09-18', '0', 'Perempuan', 'siswa', '0', 'g', 'g', 'v', NULL, 1, '2022-09-27 07:31:01', '2022-09-27 07:31:01', NULL),
(193, 21, 'ARMAN ROCHAMAN', 'g', '$2y$10$3osy7S0Q1IEwzBNXAekvP.u9fvK6hUaNgOsLFFs8nwLvFxR9ZaUJO', NULL, '0', 'Kuningan', '2022-09-11', '0', 'Laki-laki', 'siswa', '0', 'g', 'g', 'x', NULL, 1, '2022-09-27 07:31:38', '2022-09-27 07:31:38', NULL),
(194, 21, 'DIKI ONA SAPUTRA', 'g', '$2y$10$1XPz5K3M5M4bzwZjYRxUVOhyjQ3symztI.TcmIedE3hzFP17fROsy', NULL, '0', 'Kuningan', '2022-09-17', '0', 'Laki-laki', 'siswa', '0', 'g', 'g', 'c', NULL, 1, '2022-09-27 07:32:03', '2022-09-27 07:32:03', NULL),
(195, 21, 'IRFAN MAULANA', 'g', '$2y$10$RaIdBWfxAeJhOiztKL74V.t4RFzwKyrafbeXa4SnJ.nyAB2eUosGK', NULL, '0', 'Kuningan', '2022-09-10', '0', 'Laki-laki', 'siswa', '0', 'g', 'g', 'c', NULL, 1, '2022-09-27 07:32:37', '2022-09-27 07:32:37', NULL),
(196, 21, 'RIZKI MAULANA AKBAR', 'g', '$2y$10$9QPl868y78B4sDPblDREeeudO9l7WXVn4mgLizPMEr2NsIkUH9rOG', NULL, '0', 'Kuningan', '2022-09-05', '0', 'Laki-laki', 'siswa', '0', 'g', 'g', 'x', NULL, 1, '2022-09-27 07:33:09', '2022-09-27 07:33:09', NULL),
(197, 21, 'RIZKY MAULANA MAHMUD', 'g', '$2y$10$7DWHhmVHhAzjWmiH/YkQOetqf58.qNgF3xh6wSQ3eMMOQ1EvvH8V6', NULL, '0', 'Kuningan', '2022-09-16', '0', 'Laki-laki', 'siswa', '0', 'g', 'g', 'c', NULL, 1, '2022-09-27 07:33:35', '2022-09-27 07:33:35', NULL),
(198, 21, 'SITI ROHIMATUL KAMILAH', 'g', '$2y$10$ffx7jfpY9H33C7SejKvoAOI9R4IePyNTcYjU8JJ5E7nteouHAsjYK', NULL, '0', 'Kuningan', '2022-09-16', '0', 'Perempuan', 'siswa', '0', 'g', 'g', 'c', NULL, 1, '2022-09-27 07:33:59', '2022-09-27 07:33:59', NULL),
(199, 21, 'SALSA SALSABILA', 'g', '$2y$10$YaCDdcWfBNrEiwfad6ALguActOdGL9HeZaMJ6dt162wvYaQkbRH5W', NULL, '0', 'Kuningan', '2022-09-23', '0', 'Perempuan', 'siswa', '0', 'g', 'g', 'c', NULL, 1, '2022-09-27 07:34:25', '2022-09-27 07:34:25', NULL),
(200, 22, 'AINUN SRI FAZRIAH', 'g', '$2y$10$I7mRllPbT4HNOTI9pG9BluGvSQ9xF/LNudg3N/.4NQ089m1J1FhwC', NULL, '0', 'Kuningan', '2022-09-03', '0', 'Perempuan', 'siswa', '0', 'g', 'g', 'x', NULL, 1, '2022-09-27 07:34:57', '2022-09-27 07:34:57', NULL),
(201, 22, 'ASRI UMAMI LESTARI', 'g', '$2y$10$B6YqcqJdfp6wOX2vPrgBI.xh/7HcmetV0zEDsydY6rtXAps6juDKi', NULL, '0', 'Kuningan', '2022-09-17', '0', 'Perempuan', 'siswa', '0', 'g', 'g', 'c', NULL, 1, '2022-09-27 07:35:22', '2022-09-27 07:35:22', NULL),
(202, 22, 'DARUS SALAM', 'g', '$2y$10$SMO3vnjnG87/IjIVSbOVh.Hm5dwwPIdk9ZqdBWC/UFbvCzzP41bFK', NULL, '0', 'Kuningan', '2022-09-10', '0', 'Laki-laki', 'siswa', '9', 'g', 'g', 'x', NULL, 1, '2022-09-27 07:35:45', '2022-09-27 07:35:45', NULL),
(203, 22, 'KHADIJAH NISRIINA FRDAUS ZATIL BAYAN', 'g', '$2y$10$CqSMeDCfo9XsWKeL8Q27V.A7wQMcWgtrEoMoIcJhPa7I3AGk1xIh2', NULL, '0', 'Kuningan', '2022-09-29', '0', 'Perempuan', 'siswa', '0', 'g', 'g', 'c', NULL, 1, '2022-09-27 07:36:09', '2022-09-27 07:36:09', NULL),
(204, 22, 'LUTHFIAH FAUJIAH', 'g', '$2y$10$af2Nr3tRcG2yGXuHb1oCVeX5JBkHGu6cVdg1Tv7RAkg/64aVfcQn6', NULL, '0', 'Kuningan', '2022-09-15', '0', 'Perempuan', 'siswa', '0', 'g', 'g', 'c', NULL, 1, '2022-09-27 07:36:39', '2022-09-27 07:36:39', NULL),
(205, 22, 'NURUL LAILATUL MUKHLISHOH', 'g', '$2y$10$LXppDW84jqhVfGGjSZFiduazpi9NJH4v8EtUp5cDjyflKqmgRT4R2', NULL, NULL, 'Kuningan', '2022-09-11', '0', 'Perempuan', 'siswa', '0', 'g', 'g', 'f', NULL, 1, '2022-09-27 07:37:01', '2022-09-27 07:37:01', NULL),
(206, 22, 'NASRULLAH FATTAH', 'g', '$2y$10$ZVoItlNeBlE2r3TlBaWGQuSogyDY31pPUHkUHIvktyvGbB0UvFyIO', NULL, '0', 'Kuningan', '2022-09-09', '0', 'Laki-laki', 'siswa', '0', 'g', 'g', 'c', NULL, 1, '2022-09-27 07:37:39', '2022-09-27 07:37:52', NULL),
(207, 22, 'RIFA LUTHFIATUNNISA', 'g', '$2y$10$RTSlUvo3ektW9Mu3/21i9OhDxAj1TpOVDbxYVxaeo9no6BTpVOH1O', NULL, '0', 'Kuningan', '2022-09-16', '0', 'Perempuan', 'siswa', '0', 'g', 'g', 'v', NULL, 1, '2022-09-27 07:38:15', '2022-09-27 07:38:15', NULL),
(208, 22, 'SETIAWATI', 'g', '$2y$10$KdB6soqNwUUUH8TUMGq1z.PBdljXI3QkSGUoBiDmekL4fpbh21Jt6', NULL, '0', 'Kuningan', '2022-09-14', '0', 'Perempuan', 'siswa', '0', 'g', 'g', 'c', NULL, 1, '2022-09-27 07:38:36', '2022-09-27 07:38:36', NULL),
(209, 22, 'SHEILA NOVALINA AZZHAR', 'g', '$2y$10$fuKMrsCp6ErUBwUv6NzZ0e/WC9vHvM5iEopRebgLKosTw8Z7dzInu', NULL, '0', 'Kuningan', '2022-09-04', '0', 'Perempuan', 'siswa', '0', 'g', 'g', 'c', NULL, 1, '2022-09-27 07:39:03', '2022-09-27 07:39:03', NULL),
(210, 22, 'SHIFWAH SHALIHAH', 'g', '$2y$10$hy6BYHnoG1EPuXwOa3XusOzhjUcUGrh.yEVsobsIrmFEFSbRFwvMy', NULL, '0', 'Kuningan', '2022-09-17', '0', 'Perempuan', 'siswa', '0', 'g', 'g', 'c', NULL, 1, '2022-09-27 07:39:26', '2022-09-27 07:39:26', NULL),
(211, 22, 'SITI AZZAHRA', 'g', '$2y$10$9lqidlXdcqT3lEE0.BW3tegkHEyN2NKeVRsd12vn9ElsWdzXcdpb2', NULL, '0', 'Kuningan', '2022-09-08', '0', 'Perempuan', 'siswa', '0', 'g', 'g', 'c', NULL, 1, '2022-09-27 07:39:55', '2022-09-27 07:39:55', NULL),
(212, 22, 'SITI HIDAYATUL FATIMAH', 'g', '$2y$10$dhT.3ov5MliKyXBZnu5KyOHQeknsWJqMN7ZGVpdjaOyyJbGqDEQkC', NULL, '0', 'Kuningan', '2022-09-18', '0', 'Perempuan', 'siswa', '0', 'g', 'g', 'cx', NULL, 1, '2022-09-27 07:40:17', '2022-09-27 07:40:17', NULL),
(213, 22, 'SITI NURFADILLAH', 'g', '$2y$10$h5Ey1U0EFGi66hJlaM7dPOBXPVFv1/tSx8KNl.TfvyPWDRmCbZOgK', NULL, '0', 'Kuningan', '2022-09-09', '0', 'Perempuan', 'siswa', '0', 'c', 'g', 'c', NULL, 1, '2022-09-27 07:40:42', '2022-09-27 07:40:42', NULL),
(214, 22, 'SITI SOFIATUR RAHMAH', 'g', '$2y$10$7crgUs9aT3/UQUUhegF8nusQFCQga.Xr9POT7b7osjn4BEqOJ05a.', NULL, '0', 'Kuningan', '2022-09-09', '0', 'Perempuan', 'siswa', '0', 'g', 'g', 'c', NULL, 1, '2022-09-27 07:41:04', '2022-09-27 07:41:04', NULL),
(215, 22, 'SITI SOPIANTI', 'g', '$2y$10$e9t76Af41BeYlgJ20QeZZOItYLWO3AJIqBlwFMBP5tKTsmEAyZ0ne', NULL, '0', 'Kuningan', '2022-09-01', '0', 'Perempuan', 'siswa', '0', 'g', 'g', 'v', NULL, 1, '2022-09-27 07:41:29', '2022-09-27 07:41:29', NULL),
(216, 22, 'YAYAD SUPRIYADI', 'g', '$2y$10$2gMWaMydvS1q.FLexoWbrewwv2yPce94/kkRhEZuWGj4zSPxt4Xd.', NULL, '0', 'Kuningan', '2022-09-10', '0', 'Laki-laki', 'siswa', '0', 'g', 'g', 'c', NULL, 1, '2022-09-27 07:41:58', '2022-09-27 07:41:58', NULL);

--
-- Indexes for dumped tables
--

--
-- Indexes for table `master_scorings`
--
ALTER TABLE `master_scorings`
  ADD PRIMARY KEY (`id`);

--
-- Indexes for table `migrations`
--
ALTER TABLE `migrations`
  ADD PRIMARY KEY (`id`);

--
-- Indexes for table `personal_access_tokens`
--
ALTER TABLE `personal_access_tokens`
  ADD PRIMARY KEY (`id`),
  ADD UNIQUE KEY `personal_access_tokens_token_unique` (`token`),
  ADD KEY `personal_access_tokens_tokenable_type_tokenable_id_index` (`tokenable_type`,`tokenable_id`);

--
-- Indexes for table `tbl_classes`
--
ALTER TABLE `tbl_classes`
  ADD PRIMARY KEY (`id`),
  ADD KEY `tbl_classes_teacher_guider_id_foreign` (`teacher_guider_id`);

--
-- Indexes for table `tbl_courses`
--
ALTER TABLE `tbl_courses`
  ADD PRIMARY KEY (`id`),
  ADD KEY `tbl_courses_teacher_id_foreign` (`teacher_id`),
  ADD KEY `tbl_courses_class_id_foreign` (`class_id`);

--
-- Indexes for table `trans_courses`
--
ALTER TABLE `trans_courses`
  ADD PRIMARY KEY (`id`),
  ADD KEY `trans_courses_class_id_foreign` (`class_id`),
  ADD KEY `trans_courses_course_id_foreign` (`course_id`),
  ADD KEY `trans_courses_student_id_foreign` (`student_id`);

--
-- Indexes for table `trans_presents`
--
ALTER TABLE `trans_presents`
  ADD PRIMARY KEY (`id`),
  ADD KEY `trans_presents_trans_course_id_foreign` (`trans_course_id`);

--
-- Indexes for table `trans_schedules`
--
ALTER TABLE `trans_schedules`
  ADD PRIMARY KEY (`id`),
  ADD KEY `trans_schedules_class_id_foreign` (`class_id`),
  ADD KEY `trans_schedules_course_id_foreign` (`course_id`),
  ADD KEY `trans_schedules_teacher_id_foreign` (`teacher_id`);

--
-- Indexes for table `trans_scores`
--
ALTER TABLE `trans_scores`
  ADD PRIMARY KEY (`id`),
  ADD KEY `trans_scores_trans_course_id_foreign` (`trans_course_id`);

--
-- Indexes for table `users`
--
ALTER TABLE `users`
  ADD PRIMARY KEY (`id`),
  ADD KEY `class_id` (`class_id`);

--
-- AUTO_INCREMENT for dumped tables
--

--
-- AUTO_INCREMENT for table `master_scorings`
--
ALTER TABLE `master_scorings`
  MODIFY `id` bigint(20) UNSIGNED NOT NULL AUTO_INCREMENT, AUTO_INCREMENT=19;

--
-- AUTO_INCREMENT for table `migrations`
--
ALTER TABLE `migrations`
  MODIFY `id` int(10) UNSIGNED NOT NULL AUTO_INCREMENT, AUTO_INCREMENT=16;

--
-- AUTO_INCREMENT for table `personal_access_tokens`
--
ALTER TABLE `personal_access_tokens`
  MODIFY `id` bigint(20) UNSIGNED NOT NULL AUTO_INCREMENT, AUTO_INCREMENT=54;

--
-- AUTO_INCREMENT for table `tbl_classes`
--
ALTER TABLE `tbl_classes`
  MODIFY `id` bigint(20) UNSIGNED NOT NULL AUTO_INCREMENT, AUTO_INCREMENT=23;

--
-- AUTO_INCREMENT for table `tbl_courses`
--
ALTER TABLE `tbl_courses`
  MODIFY `id` bigint(20) UNSIGNED NOT NULL AUTO_INCREMENT, AUTO_INCREMENT=160;

--
-- AUTO_INCREMENT for table `trans_courses`
--
ALTER TABLE `trans_courses`
  MODIFY `id` bigint(20) UNSIGNED NOT NULL AUTO_INCREMENT, AUTO_INCREMENT=744;

--
-- AUTO_INCREMENT for table `trans_presents`
--
ALTER TABLE `trans_presents`
  MODIFY `id` bigint(20) UNSIGNED NOT NULL AUTO_INCREMENT, AUTO_INCREMENT=97;

--
-- AUTO_INCREMENT for table `trans_schedules`
--
ALTER TABLE `trans_schedules`
  MODIFY `id` bigint(20) UNSIGNED NOT NULL AUTO_INCREMENT, AUTO_INCREMENT=2;

--
-- AUTO_INCREMENT for table `trans_scores`
--
ALTER TABLE `trans_scores`
  MODIFY `id` bigint(20) UNSIGNED NOT NULL AUTO_INCREMENT, AUTO_INCREMENT=151;

--
-- AUTO_INCREMENT for table `users`
--
ALTER TABLE `users`
  MODIFY `id` bigint(20) UNSIGNED NOT NULL AUTO_INCREMENT, AUTO_INCREMENT=218;

--
-- Constraints for dumped tables
--

--
-- Constraints for table `tbl_classes`
--
ALTER TABLE `tbl_classes`
  ADD CONSTRAINT `tbl_classes_teacher_guider_id_foreign` FOREIGN KEY (`teacher_guider_id`) REFERENCES `users` (`id`);

--
-- Constraints for table `tbl_courses`
--
ALTER TABLE `tbl_courses`
  ADD CONSTRAINT `tbl_courses_class_id_foreign` FOREIGN KEY (`class_id`) REFERENCES `tbl_classes` (`id`),
  ADD CONSTRAINT `tbl_courses_teacher_id_foreign` FOREIGN KEY (`teacher_id`) REFERENCES `users` (`id`);

--
-- Constraints for table `trans_courses`
--
ALTER TABLE `trans_courses`
  ADD CONSTRAINT `trans_courses_class_id_foreign` FOREIGN KEY (`class_id`) REFERENCES `tbl_classes` (`id`),
  ADD CONSTRAINT `trans_courses_course_id_foreign` FOREIGN KEY (`course_id`) REFERENCES `tbl_courses` (`id`),
  ADD CONSTRAINT `trans_courses_student_id_foreign` FOREIGN KEY (`student_id`) REFERENCES `users` (`id`);

--
-- Constraints for table `trans_presents`
--
ALTER TABLE `trans_presents`
  ADD CONSTRAINT `trans_presents_trans_course_id_foreign` FOREIGN KEY (`trans_course_id`) REFERENCES `trans_courses` (`id`) ON DELETE CASCADE ON UPDATE CASCADE;

--
-- Constraints for table `trans_schedules`
--
ALTER TABLE `trans_schedules`
  ADD CONSTRAINT `trans_schedules_class_id_foreign` FOREIGN KEY (`class_id`) REFERENCES `tbl_classes` (`id`),
  ADD CONSTRAINT `trans_schedules_course_id_foreign` FOREIGN KEY (`course_id`) REFERENCES `tbl_courses` (`id`),
  ADD CONSTRAINT `trans_schedules_teacher_id_foreign` FOREIGN KEY (`teacher_id`) REFERENCES `users` (`id`);

--
-- Constraints for table `trans_scores`
--
ALTER TABLE `trans_scores`
  ADD CONSTRAINT `trans_scores_trans_course_id_foreign` FOREIGN KEY (`trans_course_id`) REFERENCES `trans_courses` (`id`);

--
-- Constraints for table `users`
--
ALTER TABLE `users`
  ADD CONSTRAINT `users_ibfk_1` FOREIGN KEY (`class_id`) REFERENCES `tbl_classes` (`id`) ON DELETE CASCADE;
COMMIT;

/*!40101 SET CHARACTER_SET_CLIENT=@OLD_CHARACTER_SET_CLIENT */;
/*!40101 SET CHARACTER_SET_RESULTS=@OLD_CHARACTER_SET_RESULTS */;
/*!40101 SET COLLATION_CONNECTION=@OLD_COLLATION_CONNECTION */;
